Player▲,Pos,AV,From,To
A.J. Feeley\FeelA.00,QB,8,2001,2011
A.J. McCarron\McCaA.00,QB,4,2014,2019
Aaron Brooks\BrooAa00,QB,72,2000,2006
Aaron Murray\MurrAa00,QB,,2014,2014
Aaron Rodgers\RodgAa00,QB,184,2005,2019
Abe Karnofsky\KarnAb20,QB-HB-DB,,1945,1946
Ace Parker+\ParkAc20,TB-DB-QB,,1937,1946
Adam Weber\WebeAd00,QB,0,2012,2012
Adrian Breen\BreeAd20,QB,0,1987,1987
Adrian Burk\BurkAd00,QB,,1950,1956
Akili Smith\SmitAk00,QB,1,1999,2002
Al Dorow\DoroAl00,QB,27,1954,1962
Al Johnson\JohnAl20,QB-P,,1948,1948
Al Woodall\WoodAl00,QB,13,1969,1974
Alan Pastrana\PastCh00,QB,2,1969,1970
Alan Risher\RishAl20,QB,2,1985,1987
Albie Reisz\ReisAl20,TB-HB-QB,,1944,1947
Alex Espinoza\EspiAl21,QB,0,1987,1987
Alex Smith\SmitAl03,QB,118,2005,2018
Alex Tanney\TannAl00,QB,0,2012,2019
Alex Van Pelt\VanPAl00,QB,7,1995,2003
Allie Sherman\SherAl20,QB,,1943,1947
Andre Ware\WareAn00,QB,5,1990,1993
Andrew Luck\LuckAn00,QB,79,2012,2018
Andrew Walter\WaltAn00,QB,1,2006,2008
Andy Dalton\DaltAn00,QB,98,2011,2019
Andy Hall\HallAn00,QB,0,2005,2005
Angelo Bertelli\BertAn20,QB,,1946,1948
Anthony Dilweg\DilwAn00,QB,4,1989,1990
Anthony Wright\WrigAn00,QB,11,2000,2007
Anton Stolfa\StolAn20,QB-DB,,1939,1939
Archie Manning\MannAr00,QB,93,1971,1984
Archie Roberts\RobeAr00,QB,0,1967,1967
Armanti Edwards\EdwaAr00,QB,1,2010,2013
Arnie Galiffa\GaliAr20,QB,,1953,1954
Art Schlichter\SchlAr00,QB,4,1982,1985
Austin Davis\DaviAu00,QB,6,2012,2017
Ave Kaplan\KaplAv20,BB-HB-QB,,1923,1923
B.J. Coleman\ColeB.00,QB,0,2012,2012
B.J. Daniels\DaniB.00,QB,0,2014,2015
Babe Laufenberg\LaufBa00,QB,4,1986,1990
Babe Parilli\PariBa00,QB,71,1952,1969
Baker Mayfield\MayfBa00,QB,21,2018,2019
Bart Starr+\StarBa00,QB,114,1956,1971
Ben Bennett\BennBe20,QB,0,1987,1987
Ben Roethlisberger\RoetBe00,QB,186,2004,2019
Benjy Dial\DialBe00,QB,0,1967,1967
Benny Russell\RussBe00,QB,0,1968,1968
Bernard Quarles\QuarBe20,QB,0,1987,1987
Bernie Kosar\KosaBe00,QB,80,1985,1996
Bernie Lee\LeexBe20,QB,,1938,1938
Bernie Masterson\MastBe20,QB,,1934,1940
Bert Jones\JoneBe00,QB,93,1973,1982
Bev Wallace\WallBe20,QB,,1947,1951
Bill Cappleman\CappBi00,QB,0,1970,1973
Bill Demory\DemoBi00,QB,1,1973,1974
Bill Donckers\DoncBi00,QB,0,1976,1977
Bill Dudley+\DudlBi00,HB-TB-QB,,1942,1953
Bill Garnaas\GarnBi20,QB,,1946,1948
Bill Glenn\GlenBi20,QB,,1944,1944
Bill Houle\HoulBi20,BB-QB,,1924,1924
Bill Hutchinson\HutcBi20,QB,,1942,1942
Bill Joyce\JoycBi20,QB,,1920,1920
Bill Kenney\KennBi00,QB,59,1980,1988
Bill Mackrides\MackBi20,QB,,1947,1953
Bill Munson\MunsBi00,QB,58,1964,1979
Bill Musgrave\MusgBi00,QB,1,1991,1996
Bill Nelsen\NelsBi00,QB,60,1963,1972
Bill Troup\TrouBi00,QB,6,1974,1980
Billy Guy Anderson\AndeBi21,QB,0,1967,1967
Billy Joe Hobert\HobeBi00,QB,7,1995,1999
Billy Joe Tolliver\TollBi00,QB,29,1989,1999
Billy Kilmer\KilmBi00,QB-HB,93,1961,1978
Billy Stevens\StevBi00,QB,0,1968,1969
Billy Volek\VoleBi00,QB,12,2001,2011
Billy Wade\WadeBi00,QB,53,1954,1966
Blaine Gabbert\GabbBl00,QB,17,2011,2018
Blair Kiel\KielBl00,QB,4,1984,1991
Blake Bortles\BortBl00,QB,48,2014,2019
Bob Avellini\AvelBo00,QB,30,1975,1984
Bob Berry\BerrBo00,QB,42,1965,1975
Bob Bleier\BleiBo20,QB,1,1987,1987
Bob Brodhead\BrodBo00,QB,1,1960,1960
Bob Celeri\CeleBo00,QB,,1951,1952
Bob Clatterbuck\ClatBo00,QB,1,1954,1960
Bob Davis\DaviBo00,QB,10,1967,1973
Bob DeMoss\DeMoBo20,QB,,1949,1949
Bob Dunlap\DunlBo20,DB-QB,,1935,1936
Bob Gagliano\GaglBo00,QB,14,1982,1992
Bob Gambold\GambBo20,QB,,1953,1953
Bob Griese+\GrieBo00,QB,139,1967,1980
Bob Hewko\HewkBo20,QB,0,1983,1983
Bob Holly\HollBo00,QB,1,1983,1985
Bob Laraba\LaraBo20,LB-QB,10,1960,1961
Bob Leahy\LeahBo00,QB,0,1971,1971
Bob Lee\LeexBo00,QB-P,21,1969,1980
Bob Monnett\MonnBo20,TB-HB-QB,,1933,1938
Bob Naponic\NapoBo00,QB,0,1970,1970
Bob Ptacek\PtacBo20,QB,,1959,1959
Bob Rapp\RappBo20,WB-BB-HB-QB,,1922,1929
Bob Schweickert\SchwBo00,QB,0,1965,1967
Bob Scrabis\ScraBo00,QB,0,1960,1962
Bob Snyder\SnydBo20,TB-QB,,1937,1943
Bob Trocolor\TrocBo20,QB-HB,,1942,1944
Bob Waterfield+\WateBo01,QB,,1945,1952
Bob Waters\WateBo00,QB,5,1960,1963
Bob Williams\WillBo20,QB,,1951,1955
Bobby Douglass\DougBo00,QB,41,1969,1978
Bobby Garrett\GarrBo20,QB,,1954,1954
Bobby Hebert\HebeBo00,QB,79,1985,1996
Bobby Hoying\HoyiBo00,QB,2,1996,2000
Bobby Layne+\LaynBo00,QB,21,1948,1962
Bobby Scott\ScotBo00,QB,10,1973,1981
Bobby Thomason\ThomBo02,QB,,1949,1957
Boley Dancewicz\DancBo20,QB-DB,,1946,1948
Boomer Esiason\EsiaBo00,QB,136,1984,1997
Brad Goebel\GoebBr00,QB,1,1991,1994
Brad Johnson\JohnBr00,QB,90,1994,2008
Brad Sorensen\SoreBr00,QB,,2014,2014
Bradlee Van Pelt\VanPBr00,QB,0,2005,2005
Brady Quinn\QuinBr00,QB,2,2007,2012
Brandon Allen\AlleBr00,QB,2,2019,2019
Brandon Weeden\WeedBr00,QB,15,2012,2018
Brendan Folmar\FolmBr20,QB,0,1987,1987
Brent Pease\PeasBr00,QB,3,1987,1988
Brett Basanez\BasaBr00,QB,0,2006,2006
Brett Favre+\FavrBr00,QB,255,1991,2010
Brett Hundley\HundBr00,QB,5,2016,2019
Brian Brohm\BrohBr00,QB,0,2009,2010
Brian Dowling\DowlBr00,QB,1,1972,1977
Brian Griese\GrieBr00,QB,61,1998,2008
Brian Hoyer\HoyeBr00,QB,25,2009,2019
Brian McClure\McClBr20,QB,1,1987,1987
Brian Sipe\SipeBr00,QB,88,1974,1983
Brian St. Pierre\St.PBr20,QB,0,2004,2010
Brock Berlin\BerlBr00,QB,0,2007,2008
Brock Huard\HuarBr00,QB,2,2000,2003
Brock Osweiler\OsweBr00,QB,15,2012,2018
Brodie Croyle\CroyBr00,QB,2,2006,2010
Brooks Bollinger\BollBr00,QB,6,2004,2008
Browning Nagle\NaglBr00,QB,5,1991,1996
Bruce Gradkowski\GradBr00,QB,8,2006,2014
Bruce Hardy\HardBr00,TE-WR-QB,25,1978,1989
Bruce Lemmerman\LemmBr00,QB,2,1968,1969
Bruce Mathison\MathBr00,QB,6,1983,1987
Bruce Threadgill\ThreBr20,DB-QB,3,1978,1978
Bryan Clark\ClarBr22,QB,0,1984,1984
Bryce Petty\PettBr01,QB,4,2016,2017
Bubby Brister\BrisBu00,QB,44,1986,2000
Buckets Hirsch\HirsBu20,QB-FB,,1947,1949
Bucky Richardson\RichBu00,QB,4,1992,1994
Bud Schwenk\SchwBu20,QB-TB-HB,,1942,1948
Buddy Humphrey\HumpBu00,QB,3,1959,1966
Butch Simas\SimaBu20,BB-QB,,1932,1933
Butch Songin\SongBu00,QB,18,1960,1962
Byron Leftwich\LeftBy00,QB,36,2003,2012
C.J. Beathard\BeatC.00,QB,7,2017,2018
Cade McNown\McNoCa00,QB,7,1999,2000
Caleb Hanie\HaniCa00,QB,2,2009,2012
Cam Newton\NewtCa00,QB,123,2011,2019
Cardale Jones\JoneCa01,QB,0,2016,2016
Carl Summerell\SummCa00,QB,0,1974,1975
Carlos Brown\BrowCa00,QB,2,1975,1976
Carson Palmer\PalmCa00,QB,142,2004,2017
Carson Wentz\WentCa00,QB,45,2016,2019
Cary Conklin\ConkCa00,QB,1,1992,1995
Case Keenum\KeenCa00,QB,37,2012,2019
Casey Weldon\WeldCa00,QB,1,1993,1999
Chad Henne\HennCh01,QB,29,2008,2018
Chad Hutchinson\HutcCh00,QB,4,2002,2004
Chad Kelly\KellCh00,QB,0,2018,2018
Chad Pennington\PennCh01,QB,62,2000,2010
Chandler Harnish\HarnCh00,QB,0,2012,2014
Charley Eikenberg\EikeCh20,QB,,1948,1948
Charley Johnson\JohnCh02,QB,100,1961,1975
Charley Sarratt\SarrCh20,QB,,1948,1948
Charlie Batch\BatcCh00,QB,37,1998,2012
Charlie Brackins\BracCh20,QB,,1955,1955
Charlie Conerly\ConeCh00,QB,6,1948,1961
Charlie Frye\FryeCh00,QB,8,2005,2009
Charlie Green\GreeCh00,QB,0,1966,1966
Charlie Mathys\MathCh20,BB-QB,,1921,1926
Charlie Milstead\MilsCh20,QB-DB,0,1960,1961
Charlie O'Rourke\ORouCh20,QB,,1942,1949
Charlie Seabright\SeabCh20,BB-QB,,1941,1950
Charlie Whitehurst\WhitCh02,QB,7,2006,2016
Chase Daniel\DaniCh00,QB,5,2010,2019
Chon Gallegos\GallCh00,QB,1,1962,1962
Chris Chandler\ChanCh00,QB,102,1988,2004
Chris Greisen\GreiCh00,QB,0,1999,2000
Chris Miller\MillCh00,QB,60,1987,1999
Chris Redman\RedmCh00,QB,10,2000,2011
Chris Simms\SimmCh00,QB,8,2004,2009
Chris Weinke\WeinCh00,QB,9,2001,2007
Christian Ponder\PondCh00,QB,23,2011,2014
Chuck Clements\ClemCh21,QB,0,1997,1997
Chuck Fusina\FusiCh00,QB,0,1979,1986
Chuck Long\LongCh00,QB,11,1986,1991
Cleo Lemon\LemoCl00,QB,6,2005,2008
Cliff Lewis\LewiCl20,DB-QB,,1946,1951
Cliff Olander\OlanCl00,QB,1,1977,1979
Cliff Stoudt\StouCl00,QB,17,1980,1989
Clint Longley\LongCl00,QB,2,1974,1976
Clint Stoerner\StoeCl00,QB,1,2000,2001
Clyde LeForce\LeFoCl20,QB,,1947,1949
Cody Carlson\CarlCo00,QB,16,1988,1994
Cody Kessler\KessCo00,QB,5,2016,2018
Cody Pickett\PickCo00,QB,1,2004,2005
Coley McDonough\McDoCo20,TB-QB,,1939,1944
Colin Kaepernick\KaepCo00,QB,49,2011,2016
Colt McCoy\McCoCo00,QB,14,2010,2019
Connor Cook\CookCo00,QB,0,2016,2016
Connor Shaw\ShawCo00,QB,0,2014,2014
Cooper Rush\RushCo00,QB,0,2017,2019
Cory Sauter\SautCo00,QB,0,2002,2002
Cotton Davidson\DaviCo00,QB,45,1954,1968
Cotton Price\PricCo20,TB-DB-QB,,1940,1946
Craig Bradshaw\BradCr20,QB,0,1980,1980
Craig Erickson\EricCr00,QB,22,1992,1997
Craig Krenzel\KrenCr00,QB,1,2004,2004
Craig Kupp\KuppCr20,QB,0,1991,1991
Craig Morton\MortCr00,QB,115,1965,1982
Craig Nall\NallCr00,QB,1,2003,2007
Craig Penrose\PenrCr00,QB,3,1976,1979
Craig Whelihan\WhelCr00,QB,1,1997,1998
Curtis Painter\PainCu00,QB,2,2009,2013
Dak Prescott\PresDa01,QB,60,2016,2019
Dameyune Craig\CraiDa00,QB,0,2000,2001
Damon Huard\HuarDa00,QB,20,1998,2008
Dan Darragh\DarrDa00,QB,-2,1968,1970
Dan Fouts+\FoutDa00,QB,162,1973,1987
Dan Henning\HennDa00,QB,0,1966,1966
Dan Manucci\ManuDa20,QB,0,1979,1987
Dan Marino+\MariDa00,QB,216,1983,1999
Dan McGwire\McGwDa00,QB,2,1991,1995
Dan Orlovsky\OrloDa00,QB,7,2005,2015
Dan Pastorini\PastDa00,QB,70,1971,1983
Daniel Jones\JoneDa05,QB,9,2019,2019
Danny Kanell\KaneDa00,QB,14,1996,2003
Danny White\WhitDa01,QB-P,102,1976,1988
Danny Wuerffel\WuerDa00,QB,6,1997,2002
Daryle Lamonica\LamoDa00,QB,90,1963,1974
Daunte Culpepper\CulpDa00,QB,97,1999,2009
Dave Barr\BarrDa20,QB,0,1995,1995
Dave Brown\BrowDa00,QB,29,1992,2001
Dave Krieg\KrieDa00,QB,138,1980,1998
Dave Leggett\LeggDa20,QB-DB,,1955,1955
Dave Lewis\LewiDa22,QB-P,14,1970,1973
Dave Mays\MaysDa00,QB,5,1976,1978
Dave Ragone\RagoDa00,QB,1,2003,2003
Dave Walter\WaltDa20,QB,1,1987,1987
Dave Wilson\WilsDa00,QB,17,1981,1988
Davey O'Brien\OBriDa21,QB-TB,,1939,1940
David Archer\ArchDa00,QB,14,1984,1989
David Blough\BlouDa00,QB,-1,2019,2019
David Carr\CarrDa00,QB,48,2002,2012
David Fales\FaleDa00,QB,1,2014,2019
David Garrard\GarrDa00,QB,69,2002,2010
David Humm\HummDa00,QB,2,1975,1984
David Jaynes\JaynDa00,QB,0,1974,1974
David Klingler\KlinDa00,QB,11,1992,1997
David Norrie\NorrDa20,QB,1,1987,1987
David Whitehurst\WhitDa02,QB,21,1977,1983
David Woodley\WoodDa00,QB,37,1980,1985
Dean Carlson\CarlDe00,QB,0,1974,1974
Dean Look\LookDe00,QB,0,1962,1962
Dean May\MayxDe20,QB,0,1984,1987
Dennis Claridge\ClarDe02,QB,2,1965,1966
Dennis Dixon\DixoDe00,QB,2,2008,2014
Dennis Morrison\MorrDe00,QB,1,1974,1974
Dennis Shaw\ShawDe00,QB,20,1970,1975
Dennis Sproul\SproDe20,QB,0,1978,1978
Derek Anderson\AndeDe00,QB,22,2006,2018
Derek Carr\CarrDe02,QB,61,2014,2019
Deshaun Watson\WatsDe00,QB,39,2017,2019
DeShone Kizer\KizeDe00,QB,6,2017,2018
Devlin Hodges\HodgDe00,QB,0,2019,2019
Dewey Warren\WarrDe00,QB,2,1968,1968
Dick Flowers\FlowDi20,QB,,1953,1953
Dick Horn\HornDi20,QB,,1958,1958
Dick Jamieson\JamiDi00,QB,2,1960,1961
Dick Norman\NormDi20,QB,0,1961,1961
Dick Shiner\ShinDi00,QB,18,1964,1974
Dick Wood\WoodDi00,QB,18,1962,1966
Dieter Brock\BrocDi00,QB,9,1985,1985
Dominique Davis\DaviDo02,QB,0,2012,2014
Don Allard\AllaDo20,QB,0,1961,1962
Don Breaux\BreaDo00,QB,4,1963,1965
Don Gault\GaulDo00,QB,0,1970,1970
Don Heinrich\HeinDo00,QB,1,1954,1962
Don Horn\HornDo00,QB,11,1967,1974
Don Klosterman\KlosDo20,QB,,1952,1952
Don Majkowski\MajkDo00,QB,43,1987,1996
Don Meredith\MereDo00,QB,83,1960,1968
Don Milan\MilaDo00,QB,1,1975,1975
Don Panciera\PancDo20,QB-DB,,1949,1952
Don Strock\StroDo00,QB,21,1974,1988
Don Trull\TrulDo00,QB,18,1964,1969
Donald Hollas\HollDo00,QB,5,1991,1998
Donovan McNabb\McNaDo00,QB,138,1999,2011
Doug Flutie\FlutDo00,QB,58,1986,2005
Doug Gaynor\GaynDo20,QB,0,1986,1986
Doug Hudson\HudsDo20,QB,0,1987,1987
Doug Johnson\JohnDo00,QB,8,2000,2004
Doug Nussmeier\NussDo00,QB,2,1996,1997
Doug Pederson\PedeDo00,QB,1,1993,2004
Doug Williams\WillDo01,QB,63,1978,1989
Drew Bledsoe\BledDr00,QB,137,1993,2006
Drew Brees\BreeDr00,QB,267,2001,2019
Drew Henson\HensDr00,QB,0,2004,2008
Drew Lock\LockDr00,QB,3,2019,2019
Drew Stanton\StanDr00,QB,10,2008,2017
Dustin Vaughan\VaugDu00,QB,,2014,2014
Dwayne Haskins\HaskDw00,QB,3,2019,2019
Eagle Day\DayxEa00,QB,3,1959,1960
Earl Morrall\MorrEa00,QB,86,1956,1976
Eber Simpson\SimpEb20,BB-QB,,1923,1923
Ed Baker\BakeEd00,QB,0,1972,1972
Ed Blount\BlouEd20,QB,0,1987,1987
Ed Brown\BrowEd01,QB,40,1954,1965
Ed Burns\BurnEd20,QB,0,1979,1980
Ed Chlebek\ChleEd00,QB,0,1963,1963
Ed Luther\LuthEd00,QB,7,1980,1984
Ed Mioduszewski\MiodEd20,QB-DB,,1953,1953
Ed Rubbert\RubbEd20,QB,2,1987,1987
Ed Rutkowski\RutkEd00,QB-HB-SE-WR,15,1963,1968
Ed Salem\SaleEd20,DB-QB,,1951,1951
Edd Hargett\HargEd00,QB,12,1969,1973
Eddie LeBaron\LeBaEd00,QB,21,1952,1963
Eddie Wilson\WilsEd00,QB-P,3,1962,1965
EJ Manuel\ManuEJ00,QB,11,2013,2017
Eli Manning\MannEl00,QB,165,2004,2019
Elvis Grbac\GrbaEl00,QB,51,1994,2001
Emery Nix\NixxEm20,TB-QB,,1943,1946
Eric Hipple\HippEr00,QB,41,1980,1989
Eric Kresser\KresEr00,QB,0,1998,1998
Eric Zeier\ZeieEr00,QB,6,1995,2000
Erik Kramer\KramEr00,QB,46,1987,1999
Erik Wilhelm\WilhEr00,QB,3,1989,1996
Ermal Allen\AlleEr20,QB-DB,,1947,1947
Ernie Case\CaseEr20,QB-DB,,1947,1947
Foster Watkins\WatkFo20,QB-HB,,1940,1941
Fran Tarkenton+\TarkFr00,QB,236,1961,1978
Frank Patrick\PatrFr00,QB,0,1970,1972
Frank Reich\ReicFr00,QB,17,1985,1998
Frank Ryan\RyanFr00,QB,90,1958,1970
Frank Santora\SantFr20,QB,,1944,1944
Frank Seurer\SeurFr00,QB,1,1986,1987
Frank Tripucka\TripFr00,QB,20,1949,1963
Frankie Albert\AlbeFr00,QB-DB,,1946,1952
Fred Benners\BennFr00,QB,,1952,1952
Fred Enke\EnkeFr20,QB,,1948,1954
Fred Wyant\WyanFr20,QB,,1956,1956
G.J. Kinne\KinnG.00,QB,,2014,2014
Gale Gilbert\GilbGa00,QB,5,1985,1995
Galen Hall\HallGa00,QB,3,1962,1963
Gardner Minshew\MinsGa00,QB,10,2019,2019
Garrett Gilbert\GilbGa01,QB,0,2014,2019
Garrett Grayson\GrayGa00,QB,0,2015,2015
Gary Beban\BebaGa00,QB,0,1968,1969
Gary Cuozzo\CuozGa00,QB,29,1963,1972
Gary Danielson\DaniGa00,QB,55,1976,1988
Gary Hogeboom\HogeGa00,QB,25,1980,1989
Gary Huff\HuffGa00,QB,11,1973,1978
Gary Keithley\KeitGa00,QB,3,1973,1973
Gary Kerkorian\KerkGa20,QB,,1952,1956
Gary Kubiak\KubiGa00,QB,8,1983,1991
Gary Lane\LaneGa00,QB,1,1966,1968
Gary Marangi\MaraGa00,QB,3,1974,1976
Gary Wood\WoodGa00,QB,10,1964,1969
Geno Smith\SmitGe00,QB,16,2013,2018
George Blanda+\BlanGe00,QB,126,1949,1975
George Herring\HerrGe00,QB-P,0,1960,1961
George Izo\IzoxGe00,QB,6,1960,1966
George Mira\MiraGe00,QB,11,1964,1971
George Munns\MunnGe20,QB-TB,,1921,1921
George Ratterman\RattGe00,QB,,1947,1956
George Shaw\ShawGe00,QB,4,1955,1962
George Terlep\TerlGe20,QB-DB,,1946,1948
George Wilson\WilsGe00,QB,5,1966,1966
Gibran Hamdan\HamdGi00,QB,0,2003,2003
Gifford Nielsen\NielGi00,QB,11,1978,1983
Gil Johnson\JohnGi20,QB,,1949,1949
Gino Torretta\ToreGi00,QB,0,1993,1996
Glenn Carano\CaraGl00,QB,1,1978,1983
Glenn Dobbs\DobbGl20,TB-QB,,1946,1949
Glenn Foley\FoleGl00,QB,8,1994,1999
Glynn Griffing\GrifGl00,QB,2,1963,1963
Graham Harrell\HarrGr00,QB,0,2012,2012
Grassy Hinton\HintGr20,TB-QB,,1932,1932
Greg Barton\BartGr20,QB,0,1969,1969
Greg Cook\CookGr00,QB,10,1969,1973
Greg Knafelc\KnafGr20,QB,0,1983,1983
Greg Landry\LandGr00,QB,96,1968,1984
Greg McElroy\McElGr00,QB,1,2012,2012
Gus Frerotte\FrerGu00,QB,65,1994,2008
Guy Benjamin\BenjGu00,QB,1,1978,1983
Hal Ledyard\LedyHa20,QB,,1953,1953
Harlan Carr\CarrHa20,WB-QB,,1927,1927
Harold Stephens\StepHa00,QB,1,1962,1962
Harry Gilmer\GilmHa00,QB-HB,,1948,1956
Harry Theofiledes\TheoHa00,QB,1,1968,1968
Harvey White\WhitHa00,QB-E,0,1960,1960
Heath Shuler\ShulHe00,QB,6,1994,1997
Henry Burris\BurrHe00,QB,1,2002,2002
Henry Schichtle\SchiHe20,QB,0,1964,1964
Herb Kempton\KempHe20,BB-QB,,1921,1921
Herm Schneidman\SchnHe20,BB-QB,,1935,1940
Hugh Millen\MillHu00,QB,17,1987,1995
Hunter Enis\EnisHu00,QB,4,1960,1962
Ingle Martin\MartIn00,QB,0,2006,2006
Irv Kupcinet\KupcIr20,QB,,1935,1935
J.J. Jones\JoneJ.00,QB,1,1975,1975
J.P. Losman\LosmJ.00,QB,20,2004,2011
J.T. O'Sullivan\OSulJ.00,QB,6,2004,2009
Jack Concannon\ConcJa00,QB,29,1964,1975
Jack Del Bello\DelBJa20,QB,,1953,1953
Jack Jacobs\JacoJa20,QB-TB-HB,,1942,1949
Jack Kemp\KempJa00,QB,83,1957,1969
Jack Scarbath\ScarJa20,QB,,1953,1956
Jack Thompson\ThomJa00,QB,14,1979,1984
Jack Trudeau\TrudJa00,QB,25,1986,1995
Jacky Lee\LeexJa00,QB,19,1960,1969
Jacoby Brissett\BrisJa00,QB,24,2016,2019
Jake Delhomme\DelhJa00,QB,67,1999,2011
Jake Locker\LockJa00,QB,16,2011,2014
Jake Plummer\PlumJa00,QB,92,1997,2006
Jake Rudock\RudoJa00,QB,0,2017,2017
JaMarcus Russell\RussJa00,QB,6,2007,2009
Jameis Winston\WinsJa00,QB,59,2015,2019
James Finnegan\FinnJa21,E-QB,,1923,1923
James Harris\HarrJa01,QB,42,1969,1979
James Ritchey\RitcJa20,QB,0,1997,1997
Jamie Martin\MartJa00,QB,9,1996,2007
Jared Goff\GoffJa00,QB,43,2016,2019
Jared Lorenzen\LoreJa00,QB,0,2006,2007
Jarious Jackson\JackJa01,QB,0,2000,2003
Jarrett Stidham\StidJa00,QB,0,2019,2019
Jason Campbell\CampJa00,QB,53,2006,2014
Jason Garrett\GarrJa00,QB,7,1993,2000
Jay Cutler\CutlJa00,QB,109,2006,2017
Jay Fiedler\FiedJa00,QB,42,1995,2005
Jay Schroeder\SchrJa00,QB,73,1985,1994
Jay Walker\WalkJa22,QB,0,1996,1997
Jeb Blount\BlouJe00,QB,1,1977,1977
Jeff Blake\BlakJe00,QB,78,1992,2005
Jeff Brohm\BrohJe00,QB,2,1996,1997
Jeff Carlson\CarlJe00,QB,2,1990,1992
Jeff Christensen\ChriJe20,QB,2,1983,1987
Jeff Driskel\DrisJe00,QB,5,2018,2019
Jeff Francis\FranJe20,QB,0,1990,1990
Jeff Garcia\GarcJe00,QB,104,1999,2009
Jeff George\GeorJe00,QB,78,1990,2001
Jeff Hostetler\HostJe00,QB,65,1985,1997
Jeff Kemp\KempJe00,QB,22,1981,1991
Jeff Knapple\KnapJe20,QB,0,1980,1980
Jeff Komlo\KomlJe00,QB,5,1979,1983
Jeff Lewis\LewiJe01,QB,2,1996,2000
Jeff Rowe\RoweJe00,QB,0,2007,2007
Jeff Rutledge\RutlJe00,QB,8,1979,1992
Jeff Tuel\TuelJe00,QB,1,2013,2014
Jeff Van Raaphorst\VanRJe20,QB,0,1987,1987
Jerry Golsteyn\GolsJe00,QB,2,1977,1983
Jerry Niles\NileJe20,QB,,1947,1947
Jerry Reichow\ReicJe00,E-QB,23,1956,1964
Jerry Rhome\RhomJe00,QB,6,1965,1971
Jerry Tagge\TaggJe00,QB,8,1972,1974
Jesse Freitas\FreiJe00,QB,5,1974,1975
Jesse Freitas\FreiJe20,QB,,1946,1949
Jesse Palmer\PalmJe00,QB,1,2002,2003
Jim Bob Taylor\TaylJi20,QB,0,1983,1983
Jim Camp\CampJi20,QB,,1948,1948
Jim Capuzzi\CapuJi20,DB-QB,,1955,1956
Jim Crocicchia\CrocJi20,QB,0,1987,1987
Jim Del Gaizo\DelGJi00,QB,3,1972,1974
Jim Druckenmiller\DrucJi00,QB,1,1997,1998
Jim Everett\EverJi00,QB,108,1986,1997
Jim Finks+\FinkJi00,QB-DB-TB,,1949,1955
Jim Gaffney\GaffJi20,QB-HB,,1945,1946
Jim Haluska\HaluJi20,QB,,1956,1956
Jim Harbaugh\HarbJi00,QB,101,1987,2000
Jim Hardy\HardJi00,QB-DB,,1946,1952
Jim Hart\HartJi00,QB,136,1966,1984
Jim Jensen\JensJi00,WR-QB,22,1981,1992
Jim Kelly+\KellJi00,QB,132,1986,1996
Jim LeClair\LeClJi00,QB,2,1967,1968
Jim McMahon\McMaJi00,QB,71,1982,1996
Jim Miller\MillJi00,QB,17,1995,2002
Jim Ninowski\NinoJi00,QB,30,1958,1969
Jim Plunkett\PlunJi00,QB,109,1971,1986
Jim Powers\PoweJi20,DB-LB-QB,,1950,1953
Jim Root\RootJi20,QB,,1953,1956
Jim Sorgi\SorgJi00,QB,5,2004,2009
Jim Ward\WardJi00,QB,1,1967,1971
Jim Youel\YoueJi20,QB-DB,,1946,1948
Jim Zorn\ZornJi00,QB,88,1976,1987
Jimmy Clausen\ClauJi00,QB,3,2010,2015
Jimmy Garoppolo\GaroJi00,QB,25,2014,2019
Jimmy Jemail\JemaJi20,QB,,1921,1921
Jimmy Tarrant\TarrJi21,QB,,1946,1946
Joe Barnes\BarnJo01,QB,0,1974,1974
Joe Callahan\CallJo00,QB,0,2017,2017
Joe DiVito\DiviJo00,QB-P,-1,1968,1968
Joe Dufek\DufeJo00,QB,-1,1983,1984
Joe Ferguson\FergJo00,QB,106,1973,1990
Joe Flacco\FlacJo00,QB,118,2008,2019
Joe Francis\FranJo20,QB-HB,,1958,1959
Joe Gasparella\GaspJo20,BB-QB,,1948,1951
Joe Germaine\GermJo00,QB,1,1999,1999
Joe Gilliam\GillJo00,QB,10,1972,1975
Joe Hamilton\HamiJo20,QB,0,2000,2000
Joe Kapp\KappJo00,QB,24,1967,1970
Joe Margucci\MargJo20,HB-QB,,1947,1948
Joe Montana+\MontJo01,QB,164,1979,1994
Joe Namath+\NamaJo00,QB,115,1965,1977
Joe Pisarcik\PisaJo00,QB,18,1977,1984
Joe Reed\ReedJo00,QB,13,1972,1979
Joe Shield\ShieJo20,QB,0,1986,1986
Joe Theismann\TheiJo00,QB,105,1974,1985
Joey Harrington\HarrJo00,QB,33,2002,2007
Joey Sternaman\SterJo21,QB-BB,,1922,1930
John Beck\BeckJo00,QB,4,2007,2011
John Borton\BortJo20,QB,,1957,1957
John Brodie\BrodJo00,QB,129,1957,1973
John Elway+\ElwaJo00,QB,203,1983,1998
John Fourcade\FourJo00,QB,11,1987,1990
John Friesz\FrieJo00,QB,28,1990,2000
John Galvin\GalvJo20,QB,,1947,1947
John Hadl\HadlJo00,QB,143,1962,1977
John Huarte\HuarJo00,QB,1,1966,1972
John Hufnagel\HufnJo00,QB,2,1974,1975
John Ksionzyk\KsioJo20,QB,,1947,1947
John McCarthy\McCaJo23,QB,,1944,1944
John McCormick\McCoJo00,QB,1,1962,1968
John Navarre\NavaJo00,QB,0,2004,2005
John Parker Wilson\WilsJo01,QB,0,2012,2012
John Rauch\RaucJo20,QB-DB,,1949,1951
John Reaves\ReavJo00,QB,11,1972,1987
John Roach\RoacJo00,QB-DB,12,1956,1964
John Sciarra\SciaJo20,DB-QB,5,1978,1983
John Skelton\SkelJo00,QB,4,2010,2012
John Stofa\StofJo00,QB,5,1966,1970
John Walton\WaltJo00,QB,1,1976,1979
John Witkowski\WitkJo00,QB,1,1984,1988
Johnny Evans\EvanJo21,P-QB,7,1978,1980
Johnny Green\GreeJo00,QB,11,1960,1963
Johnny Long\LongJo20,QB-HB,,1944,1945
Johnny Lujack\LujaJo00,QB-DB,,1948,1951
Johnny Manziel\ManzJo00,QB,5,2014,2015
Johnny Unitas+\UnitJo00,QB,145,1956,1973
Jon Brittenum\BritJo00,QB,0,1968,1968
Jon Kitna\KitnJo00,QB,89,1997,2011
Jonathan Quinn\QuinJo00,QB,4,1998,2004
Jordan Palmer\PalmJo20,QB,0,2008,2014
Josh Allen\AlleJo02,QB,17,2018,2019
Josh Freeman\FreeJo00,QB,41,2009,2015
Josh Johnson\JohnJo05,QB,6,2009,2018
Josh McCown\McCoJo01,QB,47,2002,2019
Josh Rosen\RoseJo01,QB,3,2018,2019
Joshua Dobbs\DobbJo00,QB,0,2018,2018
June Jones\JoneJu00,QB,3,1977,1981
Karl Sweetan\SweeKa00,QB,9,1966,1970
Kay Stephenson\StepKa00,QB,2,1967,1968
Keith Molesworth\MoleKe20,HB-QB,,1931,1937
Keith Null\NullKe00,QB,1,2009,2009
Keith Wenning\WennKe00,QB,,2014,2014
Kellen Clemens\ClemKe00,QB,10,2006,2017
Kellen Moore\MoorKe02,QB,2,2012,2015
Kelly Holcomb\HolcKe00,QB,16,1997,2007
Kelly Stouffer\StouKe00,QB,2,1988,1992
Ken Anderson\AndeKe00,QB,161,1971,1986
Ken Casanega\CasaKe20,QB-DB-HB,,1946,1948
Ken Dorsey\DorsKe00,QB,1,2004,2008
Ken Holley\HollKe20,QB,,1946,1946
Ken Karcher\KarcKe00,QB,2,1987,1988
Ken O'Brien\OBriKe00,QB,86,1984,1993
Ken Reese\ReesKe20,HB-QB,,1947,1947
Ken Stabler+\StabKe00,QB,119,1970,1984
Ken Stofer\StofKe20,QB-DB,,1946,1946
Kent Austin\AustKe20,QB,0,1986,1986
Kent Graham\GrahKe00,QB,23,1992,2001
Kent Nix\NixxKe00,QB,11,1967,1972
Kerry Collins\CollKe00,QB,111,1995,2011
Kerwin Bell\BellKe00,QB,0,1996,1996
Kevin Hogan\HogaKe00,QB,2,2016,2017
Kevin Ingram\IngrKe20,QB,0,1987,1987
Kevin Kolb\KolbKe00,QB,13,2007,2012
Kevin O'Connell\OConKe00,QB,0,2008,2008
Kevin Sweeney\SweeKe00,QB,2,1987,1988
Kevin Thompson\ThomKe00,QB,0,2000,2000
Kim Hammond\HammKi00,QB,0,1968,1969
Kim McQuilken\McQuKi00,QB,4,1974,1979
King Corcoran\CorcKi00,QB,0,1968,1968
King Hill\HillKi00,QB,23,1958,1969
Kirk Cousins\CousKi00,QB,69,2012,2019
Kliff Kingsbury\KingKl00,QB,0,2005,2005
Kordell Stewart\StewKo00,QB,68,1995,2005
Koy Detmer\DetmKo00,QB,4,1998,2006
Kurt Kittner\KittKu00,QB,1,2003,2003
Kurt Warner+\WarnKu00,QB,113,1998,2009
Kyle Allen\AlleKy00,QB,8,2018,2019
Kyle Boller\BollKy00,QB,18,2003,2011
Kyle Lauletta\LaulKy00,QB,0,2018,2018
Kyle Mackey\MackKy00,QB,3,1987,1989
Kyle Orton\OrtoKy00,QB,45,2005,2014
Kyler Murray\MurrKy00,QB,14,2019,2019
Lamar Jackson\JackLa00,QB,33,2018,2019
Lamar McHan\McHaLa00,QB,9,1954,1963
Landry Jones\JoneLa02,QB,4,2013,2017
Larry Cipa\CipaLa00,QB,1,1974,1975
Larry Lawrence\LawrLa00,QB,1,1974,1976
Larry Miller\MillLa20,QB,0,1987,1987
Larry Rakestraw\RakeLa00,QB,3,1966,1968
Larry Weldon\WeldLa20,QB,,1944,1945
Lee Grosscup\GrosLe00,QB,4,1960,1962
Len Dawson+\DawsLe00,QB,144,1957,1975
Leo Hart\HartLe00,QB,0,1971,1972
Levi Brown\BrowLe00,QB,0,2010,2010
Logan Thomas\ThomLo00,QB/TE,3,2014,2019
Loren Snyder\SnydLo20,QB,0,1987,1987
Lou Barle\BarlLo20,HB-QB,,1938,1939
Lou Mahrt\MahrLo20,QB,,1926,1927
Luke Falk\FalkLu00,QB,1,2019,2019
Luke McCown\McCoLu00,QB,8,2004,2015
Lynn Dickey\DickLy00,QB,78,1971,1985
M.C. Reynolds\ReynM.00,QB,1,1958,1962
Manch Wheeler\WheeMa00,QB,0,1962,1962
Marc Bulger\BulgMa00,QB,64,2002,2009
Marc Wilson\WilsMa00,QB,40,1980,1990
Marcus Mariota\MariMa01,QB,48,2015,2019
Marcus Vick\VickMa20,WR-QB,0,2006,2006
Mark Brunell\BrunMa00,QB,120,1994,2011
Mark Hartsell\HartMa20,QB,0,2000,2000
Mark Herrmann\HerrMa00,QB,12,1982,1992
Mark Malone\MaloMa00,QB-WR,30,1980,1989
Mark Manges\MangMa20,QB,0,1978,1978
Mark Miller\MillMa00,QB,1,1978,1979
Mark Miller\MillMa20,QB,0,1987,1987
Mark Reed\ReedMa20,QB,0,1983,1983
Mark Rypien\RypiMa00,QB,62,1988,2001
Mark Sanchez\SancMa00,QB,38,2009,2018
Mark Stevens\StevMa20,QB,1,1987,1987
Mark Vlasic\VlasMa00,QB,3,1987,1991
Marques Tuiasosopo\TuiaMa00,QB,1,2001,2008
Marty Domres\DomrMa00,QB,21,1969,1977
Marty Horn\HornMa20,QB,0,1987,1987
Mason Rudolph\RudoMa00,QB,3,2019,2019
Matt Barkley\BarkMa00,QB,4,2013,2019
Matt Blanchard\BlanMa00,QB,0,2012,2014
Matt Blundin\BlunMa00,QB,0,1993,1997
Matt Cassel\CassMa00,QB,51,2005,2018
Matt Cavanaugh\CavaMa00,QB,16,1979,1991
Matt Flynn\FlynMa00,QB,8,2008,2014
Matt Gutierrez\GutiMa00,QB,0,2007,2009
Matt Hasselbeck\HassMa00,QB,111,1999,2015
Matt Kofler\KoflMa00,QB,3,1982,1985
Matt Leinart\LeinMa00,QB,12,2006,2012
Matt Lytle\LytlMa00,QB,0,2000,2001
Matt Mauck\MaucMa00,QB,1,2005,2005
Matt McGloin\McGlMa01,QB,4,2013,2016
Matt Moore\MoorMa01,QB,21,2007,2019
Matt Robinson\RobiMa01,QB,12,1977,1982
Matt Ryan\RyanMa00,QB,179,2008,2019
Matt Schaub\SchaMa00,QB,81,2004,2019
Matt Simms\SimmMa00,QB,1,2013,2014
Matt Stevens\StevMa21,QB,1,1987,1987
Matthew Stafford\StafMa00,QB,118,2009,2019
Maury Duncan\DuncMa20,QB,,1954,1955
Max Choboian\ChobMa00,QB,3,1966,1966
Max Hall\HallMa00,QB,1,2010,2010
McLeod Bethel-Thompson\BethMc00,QB,0,2012,2014
Menz Lindsey\LindMe20,BB-QB,,1921,1921
Michael Bishop\BishMi00,QB,0,2000,2000
Michael Vick\VickMi00,QB,113,2001,2015
Mickey Kobrosky\KobrMi20,QB,,1937,1937
Mickey Slaughter\SlauMi00,QB,8,1963,1966
Mike Boryla\BoryMi00,QB,8,1974,1978
Mike Buck\BuckMi00,QB,2,1991,1995
Mike Busch\BuscMi20,QB,1,1987,1987
Mike Cherry\CherMi00,QB,0,1997,1998
Mike Elkins\ElkiMi00,QB,0,1989,1989
Mike Ernst\ErnsMi00,QB,0,1972,1973
Mike Glennon\GlenMi00,QB,13,2013,2019
Mike Hohensee\HoheMi20,QB,1,1987,1987
Mike Hold\HoldMi20,QB,1,1987,1987
Mike Kafka\KafkMi00,QB,0,2011,2014
Mike Kelley\KellMi21,QB,1,1987,1987
Mike Kerrigan\KerrMi00,QB,0,1983,1984
Mike Kirkland\KirkMi00,QB,1,1978,1978
Mike Koken\KokeMi20,QB-HB,,1933,1933
Mike Kruczek\KrucMi00,QB,7,1976,1980
Mike Livingston\LiviMi00,QB,51,1968,1979
Mike Loyd\LoydMi00,QB,0,1980,1980
Mike Machurek\MachMi00,QB,1,1984,1984
Mike McMahon\McMaMi00,QB,6,2001,2005
Mike Micka\MickMi20,FB-HB-QB,,1944,1948
Mike Moroski\MoroMi00,QB,8,1979,1986
Mike Norseth\NorsMi20,QB,0,1988,1988
Mike Nott\NottMi00,QB,0,1976,1976
Mike Pagel\PageMi00,QB,33,1982,1993
Mike Perrie\PerrMi20,QB,,1939,1939
Mike Phipps\PhipMi00,QB,46,1970,1981
Mike Quinn\QuinMi00,QB,0,1997,1998
Mike Rae\RaexMi00,QB,9,1976,1979
Mike Taliaferro\TaliMi00,QB,12,1964,1972
Mike Tomczak\TomcMi00,QB,57,1985,1999
Mike Wells\WellMi21,QB,0,1977,1977
Milt Plum\PlumMi00,QB,59,1957,1969
Milt Smith\SmitMi24,DB-QB,,1945,1945
Mitchell Trubisky\TrubMi00,QB,28,2017,2019
Monte McGuire\McGuMo20,QB,0,1987,1987
Moses Moreno\MoreMo00,QB,1,1998,2000
Murray Evans\EvanMu20,BB-QB,,1942,1943
Nate Sudfeld\SudfNa00,QB,1,2017,2018
Nathan Peterman\PeteNa00,QB,2,2017,2018
Neal Jeffrey\JeffNe00,QB,0,1976,1976
Neil Graff\GrafNe00,QB,1,1974,1977
Neil Lomax\LomaNe00,QB,82,1981,1988
Neil O'Donnell\ODonNe00,QB,72,1991,2003
Nick Foles\FoleNi00,QB,32,2012,2019
Nick Mullens\MullNi00,QB,6,2018,2019
Nick Papac\PapaNi00,QB,1,1961,1961
Nick Sacrinty\SacrNi20,QB,,1947,1947
Nick Scollard\ScolNi20,E-QB,,1946,1949
Nick Sebek\SebeNi20,QB,,1950,1950
Nick Stephens\StepNi00,QB,0,2012,2012
Norm Cox\CoxxNo20,QB-TB,,1946,1947
Norm Snead\SneaNo00,QB,115,1961,1976
Norm Van Brocklin+\VanBNo00,QB,17,1949,1960
Norris Weese\WeesNo00,QB-P,10,1976,1979
Ogden Compton\CompOg20,QB,,1955,1955
Oliver Luck\LuckOl00,QB,6,1983,1986
Otto Graham+\GrahOt00,QB-DB,,1946,1955
Pard Pearce\PearPa20,QB-BB,,1920,1925
Parnell Dickinson\DickPa00,QB,1,1976,1976
Pat Barnes\BarnPa20,QB,0,1999,1999
Pat Brady\BradPa21,QB-K,,1952,1954
Pat Devlin\DevlPa00,QB,0,2012,2014
Pat Haden\HadePa00,QB,36,1976,1981
Pat Ryan\RyanPa00,QB,14,1978,1991
Pat Sullivan\SullPa00,QB,3,1972,1975
Patrick Mahomes\MahoPa00,QB,40,2017,2019
Patrick Ramsey\RamsPa00,QB,15,2002,2008
Paul Christman\ChriPa20,QB,,1945,1950
Paul Collins\CollPa22,QB,,1945,1945
Paul Governali\GovePa20,QB-TB,,1946,1948
Paul Held\HeldPa20,QB,,1954,1955
Paul Hornung+\HornPa00,HB-FB-QB,50,1957,1966
Paul Justin\JustPa00,QB,8,1995,1999
Paul Larson\LarsPa00,QB,0,1957,1960
Paul McDonald\McDoPa00,QB,15,1980,1986
Paul Rickards\RickPa20,QB,,1948,1948
Paxton Lynch\LyncPa00,QB,2,2016,2017
Perry Klein\KleiPe20,QB,0,1994,1994
Perry Moss\MossPe20,QB,,1948,1948
Pete Beathard\BeatPe00,QB,31,1964,1973
Pete Gonzalez\GonzPe00,QB,0,1999,1999
Pete Lauer\LauePe20,FB-QB,,1922,1922
Pete Liske\LiskPe00,QB,19,1964,1972
Pete Mikolajewski\MikoPe20,QB,0,1969,1969
Peter Tom Willis\WillPe00,QB,4,1990,1993
Peyton Manning\MannPe00,QB,271,1998,2015
Phil Simms\SimmPh00,QB,118,1979,1993
Philip Rivers\RivePh00,QB,204,2004,2019
Porter Lainhart\LainPo20,QB,,1933,1933
Quincy Carter\CartQu00,QB,18,2001,2004
Quinn Gray\GrayQu00,QB,6,2005,2008
Rabbit Keen\KeenRa20,QB,,1937,1938
Ralph Guglielmi\GuglRa00,QB,13,1955,1963
Ralph Marston\MarsRa21,QB,,1929,1929
Randall Cunningham\CunnRa00,QB,134,1985,2001
Randy Dean\DeanRa00,QB,2,1977,1979
Randy Duncan\DuncRa00,QB,2,1961,1961
Randy Fasani\FasaRa00,QB,1,2002,2002
Randy Hedberg\HedbRa00,QB,1,1977,1977
Randy Johnson\JohnRa00,QB,28,1966,1976
Randy Wright\WrigRa00,QB,15,1984,1988
Ray Brown\BrowRa21,DB-QB,2,1958,1960
Ray Lucas\LucaRa00,QB,12,1996,2002
Ray Mallouf\MallRa20,QB-TB,,1941,1949
Ray Nagel\NageRa20,QB,,1953,1953
Reggie Collier\CollRe20,QB,1,1986,1987
Reggie McNeal\McNeRe00,QB,0,2006,2006
Reino Nori\NoriRe20,QB,,1937,1938
Rex Grossman\GrosRe00,QB,25,2003,2012
Rich Campbell\CampRi00,QB,2,1981,1984
Rich Gannon\GannRi00,QB,120,1987,2004
Richard Badar\BadaRi20,QB,0,1967,1967
Richard Bartel\BartRi00,QB,0,2010,2011
Richard Todd\ToddRi00,QB,72,1976,1985
Richie Lucas\LucaRi00,QB-DB-HB,4,1960,1961
Rick Arrington\ArriRi00,QB,4,1970,1972
Rick McIvor\McIvRi20,QB,0,1984,1985
Rick Mirer\MireRi00,QB,35,1993,2003
Rick Neuheisel\NeuhRi20,QB,1,1987,1987
Rick Norton\NortRi00,QB,6,1966,1970
Rick Strom\StroRi00,QB,1,1989,1991
Rick Trocano\TrocRi20,QB-DB,0,1981,1982
Ricky Stanzi\StanRi00,QB,0,2012,2014
Ricky Turner\TurnRi21,QB,1,1988,1988
Rob Hertel\HertRo20,QB,0,1978,1978
Rob Johnson\JohnRo00,QB,21,1995,2003
Robert Griffin\GrifRo01,QB,38,2012,2019
Rodney Peete\PeetRo00,QB,56,1989,2004
Roger Grove\GrovRo20,BB-HB-QB,,1931,1935
Roger Staubach+\StauRo00,QB,128,1969,1979
Rohan Davey\DaveRo01,QB,0,2002,2004
Roman Gabriel\GabrRo00,QB,131,1962,1977
Ron Jaworski\JawoRo00,QB,106,1974,1989
Ron Meyer\MeyeRo00,QB,0,1966,1966
Ron Miller\MillRo01,QB,1,1962,1962
Ron Smith\SmitRo03,QB,5,1965,1966
Ron Vander Kelen\VandRo00,QB,6,1963,1967
Ronnie Knox\KnoxRo20,QB,,1957,1957
Ronnie Lee South\SoutRo00,QB-P,0,1968,1968
Roy Zimmerman\ZimmRo20,QB-WB-K,,1940,1948
Rudy Bukich\BukiRu00,QB,32,1953,1968
Rudy Carpenter\CarpRu00,QB,0,2011,2011
Russ Cotton\CottRu20,QB,,1942,1942
Russell Wilson\WilsRu00,QB,129,2012,2019
Rusty Hilger\HilgRu00,QB,5,1985,1991
Rusty Lisch\LiscRu00,QB,2,1980,1984
Rusty Smith\SmitRu01,QB,1,2010,2012
Ryan Finley\FinlRy00,QB,1,2019,2019
Ryan Fitzpatrick\FitzRy00,QB,96,2005,2019
Ryan Griffin\GrifRy01,QB,0,2014,2019
Ryan Leaf\LeafRy00,QB,1,1998,2001
Ryan Lindley\LindRy00,QB,-4,2012,2015
Ryan Mallett\MallRy00,QB,4,2012,2017
Ryan Nassib\NassRy00,QB,0,2014,2015
Ryan Tannehill\TannRy00,QB,72,2012,2019
Sage Rosenfels\RoseSa00,QB,14,2002,2010
Sam Adkins\AdkiSa00,QB,2,1977,1981
Sam Bradford\BradSa00,QB,49,2010,2018
Sam Darnold\DarnSa00,QB,13,2018,2019
Sam Etcheverry\EtchSa00,QB,8,1961,1962
Sam Vacanti\VacaSa20,QB,,1947,1949
Sam Wyche\WychSa00,QB,10,1968,1976
Sammy Baugh+\BaugSa00,QB-TB,,1937,1952
Sammy Garza\GarzSa20,QB,1,1987,1987
Sandy Osiecki\OsieSa20,QB,0,1984,1984
Scott Brunner\BrunSc00,QB,17,1980,1985
Scott Bull\BullSc00,QB,5,1976,1978
Scott Campbell\CampSc00,QB,8,1984,1990
Scott Covington\CoviSc00,QB,0,1999,2002
Scott Gudmundson\GudmSc20,QB,,1944,1945
Scott Hunter\HuntSc00,QB,22,1971,1979
Scott Milanovich\MilaSc00,QB,0,1996,1996
Scott Mitchell\MitcSc00,QB,53,1991,2001
Scott Secules\SecuSc00,QB,5,1989,1993
Scott Stankavage\StanSc00,QB,0,1984,1987
Scott Tinsley\TinsSc20,QB,2,1987,1987
Scott Tolzien\TolzSc00,QB,3,2012,2017
Scott Woolf\WoolSc20,QB,0,1987,1987
Scott Zolak\ZolaSc00,QB,4,1992,1999
Scotty Glacken\GlacSc00,QB,0,1966,1967
Sean Mannion\MannSe00,QB,1,2015,2019
Sean Payton\PaytSe20,QB,0,1987,1987
Sean Renfree\RenfSe00,QB,0,2014,2015
Sean Salisbury\SaliSe00,QB,11,1987,1996
Seneca Wallace\WallSe00,QB,16,2005,2013
Seth Lobato\LobaSe00,QB,,2014,2014
Shane Matthews\MattSh00,QB,8,1996,2004
Shaun Hill\HillSh00,QB,24,2005,2016
Shaun King\KingSh00,QB,18,1999,2004
Shawn Halloran\HallSh20,QB,1,1987,1987
Shawn Moore\MoorSh00,QB,1,1992,1992
Shorty Elness\ElneSh20,HB-QB,,1929,1929
Sid Luckman+\LuckSi00,QB-HB-DB,,1939,1950
Solly Sherman\SherSo20,QB,,1939,1940
Sonny Gibbs\GibbSo00,QB,0,1964,1964
Sonny Jurgensen+\JurgSo00,QB,139,1957,1974
Sonny Winters\WintSo20,BB-QB,,1923,1924
Spergon Wynn\WynnSp00,QB,2,2000,2001
Stan Gelbaugh\GelbSt00,QB,2,1989,1996
Stan Heath\HeatSt20,QB,,1949,1949
Stan Humphries\HumpSt00,QB,55,1989,1997
Stephen McGee\McGeSt00,QB,2,2010,2011
Stephen Morris\MorrSt00,QB,,2014,2014
Steve Bartkowski\BartSt00,QB,85,1975,1986
Steve Beuerlein\BeueSt00,QB,85,1988,2003
Steve Bono\BonoSt00,QB,36,1985,1999
Steve Bradley\BradSt20,QB,0,1987,1987
Steve DeBerg\DebeSt00,QB,107,1978,1998
Steve Dils\DilsSt00,QB,16,1979,1988
Steve Fuller\FullSt00,QB,32,1979,1986
Steve Grogan\GrogSt00,QB,116,1975,1990
Steve Joachim\JoacSt20,QB,0,1976,1976
Steve Matthews\MattSt00,QB,1,1997,1998
Steve McNair\McNaSt00,QB,126,1995,2007
Steve Myer\MyerSt00,QB,4,1977,1979
Steve Nemeth\NemeSt20,QB-HB,,1945,1947
Steve Pelluer\PellSt00,QB,25,1984,1990
Steve Pisarkiewicz\PisaSt00,QB,2,1978,1980
Steve Ramsey\RamsSt00,QB,25,1970,1976
Steve Romanik\RomaSt00,QB,,1950,1954
Steve Sloan\SloaSt00,QB,0,1966,1967
Steve Spurrier\SpurSt00,QB-P,29,1967,1976
Steve Stenstrom\StenSt00,QB,6,1996,1999
Steve Tensi\TensSt00,QB,21,1965,1970
Steve Walsh\WalsSt00,QB,22,1989,1999
Steve Young+\YounSt00,QB,171,1985,1999
Stoney Case\CaseSt00,QB,4,1995,2000
T.J. Rubley\RublTJ00,QB,5,1993,1995
T.J. Yates\YateT.00,QB,6,2011,2017
Tarvaris Jackson\JackTa00,QB,23,2006,2015
Taylor Heinicke\HeinTa00,QB,1,2017,2018
Taysom Hill\HillTa00,QB,6,2017,2019
Ted Marchibroda\MarcTe20,QB,,1953,1957
Ted Wright\WrigTe20,HB-QB,,1934,1935
Teddy Bridgewater\BridTe00,QB,28,2014,2019
Tee Martin\MartTe00,QB,0,2001,2003
Terrelle Pryor\PryoTe00,QB,18,2011,2018
Terry Baker\BakeTe00,QB,6,1963,1965
Terry Bradshaw+\BradTe00,QB,137,1970,1983
Terry Hanratty\HanrTe00,QB,8,1969,1976
Terry Luck\LuckTe00,QB,1,1977,1977
Terry Nofsinger\NofsTe00,QB,1,1961,1967
Terry Nugent\NugeTe20,QB,0,1987,1987
Thaddeus Lewis\LewiTh01,QB,4,2012,2014
Tim Boyle\BoylTi00,QB,0,2019,2019
Tim Couch\CoucTi00,QB,32,1999,2003
Tim Hasselbeck\HassTi00,QB,1,2002,2007
Tim Rattay\RattTi00,QB,13,2000,2007
Tim Riordan\RiorTi20,QB,0,1987,1987
Tim Tebow\TeboTi00,QB,12,2010,2012
Tim Van Galder\VanGTi00,QB,2,1972,1972
Timm Rosenbach\RoseTi00,QB,13,1989,1992
Tobin Rote\RoteTo00,QB,16,1950,1966
Todd Blackledge\BlacTo00,QB,13,1983,1989
Todd Bouman\BoumTo00,QB,6,2001,2010
Todd Collins\CollTo00,QB,11,1995,2010
Todd Hons\HonsTo20,QB,2,1987,1987
Todd Husak\HusaTo20,QB,0,2000,2000
Todd Marinovich\MariTo00,QB,3,1991,1992
Todd Philcox\PhilTo00,QB,3,1990,1997
Todd Whitten\WhitTo20,QB,0,1987,1987
Tom Brady\BradTo00,QB,280,2000,2019
Tom Brandstater\BranTo00,QB,0,2011,2011
Tom Clements\ClemTo20,QB,0,1980,1980
Tom Dimitroff\DimiTo00,QB,0,1960,1960
Tom Dublinski\DublTo00,QB,0,1952,1960
Tom Duniven\DuniTo20,QB,0,1977,1977
Tom Farris\FarrTo20,QB,,1946,1948
Tom Flick\FlicTo00,QB,1,1981,1986
Tom Flores\FlorTo00,QB,44,1960,1969
Tom Greene\GreeTo20,QB-P,2,1960,1961
Tom Hodson\HodsTo00,QB,4,1990,1995
Tom Kennedy\KennTo00,QB,3,1966,1966
Tom Landry+\LandTo00,DB-HB-QB,,1949,1955
Tom Matte\MattTo00,RB-QB,79,1961,1972
Tom Myers\MyerTo00,QB,0,1965,1966
Tom O'Malley\OMalTo20,QB,,1950,1950
Tom Owen\OwenTo00,QB,9,1974,1981
Tom Ramsey\RamsTo00,QB,5,1986,1989
Tom Savage\SavaTo00,QB,4,2014,2017
Tom Sherman\SherTo00,QB,1,1968,1969
Tom Tupa\TupaTo20,QB-P,39,1988,2004
Tom Yewcic\YewcTo00,QB-P-HB,12,1961,1966
Tommy Boutwell\BoutTo00,WR-QB,0,1969,1969
Tommy Kramer\KramTo00,QB,85,1977,1990
Tommy Maddox\MaddTo00,QB,25,1992,2005
Tommy Mont\MontTo20,QB-HB,,1947,1949
Tommy O'Connell\OConTo00,QB,3,1953,1961
Tommy Thompson\ThomTo21,QB,,1940,1950
Tommy Wade\WadeTo00,QB,1,1964,1965
Tony Adams\AdamTo00,QB,10,1975,1987
Tony Banks\BankTo00,QB,48,1996,2005
Tony Dungy+\DungTo20,DB-QB,9,1977,1979
Tony Eason\EasoTo00,QB,39,1983,1990
Tony Graziani\GrazTo00,QB,3,1997,1999
Tony Pike\PikeTo00,QB,0,2010,2010
Tony Robinson\RobiTo20,QB,1,1987,1987
Tony Romo\RomoTo00,QB,116,2004,2016
Tony Sacca\SaccTo00,QB,0,1992,1992
Tory Woodbury\WoodTo02,QB,0,2001,2002
Trace McSorley\McSoTr00,QB,0,2019,2019
Travis Brown\BrowTr01,QB,1,2000,2003
Travis Tidwell\TidwTr20,QB,,1950,1951
Trent Dilfer\DilfTr00,QB,60,1994,2007
Trent Edwards\EdwaTr01,QB,18,2007,2012
Trent Green\GreeTr00,QB,111,1997,2008
Trevone Boykin\BoykTr00,QB,0,2016,2016
Trevor Siemian\SiemTr00,QB,13,2015,2019
Troy Aikman+\AikmTr00,QB,122,1989,2000
Troy Smith\SmitTr02,QB,6,2007,2010
Troy Taylor\TaylTr00,QB,0,1990,1991
Tuffy Leemans+\LeemTu20,FB-TB-DB-QB,,1936,1943
Turk Schonert\SchoTu00,QB,13,1981,1989
Ty Detmer\DetmTy00,QB,15,1993,2003
Tyler Bray\BrayTy00,QB,0,2014,2017
Tyler Palko\PalkTy00,QB,2,2010,2011
Tyler Thigpen\ThigTy00,QB,10,2007,2014
Tyrod Taylor\TaylTy00,QB,43,2011,2019
Val Keckin\KeckVa00,QB,0,1962,1962
Vern Huffman\HuffVe20,BB-TB-HB-QB,,1937,1938
Vic Eaton\EatoVi20,QB-DB,,1955,1955
Vince Evans\EvanVi00,QB,34,1977,1995
Vince Ferragamo\FerrVi00,QB,34,1977,1986
Vince Oliver\OlivVi20,QB,,1945,1945
Vince Young\YounVi00,QB,36,2006,2011
Vinny Testaverde\TestVi00,QB,142,1987,2007
Virgil Carter\CartVi00,QB,28,1968,1976
Wade Wilson\WilsWa00,QB,60,1981,1998
Wally Richardson\RichWa00,QB,0,1998,1998
Walt Rankin\RankWa20,QB-FB,,1941,1947
Walter Briggs\BrigWa20,QB,0,1987,1987
Warren Moon+\MoonWa00,QB,166,1984,2000
Warren Rabb\RabbWa00,QB,6,1960,1962
Wayne Clark\ClarWa00,QB,2,1970,1975
Wayne Gift\GiftWa20,QB,,1937,1937
Will Cureton\CureWi00,QB,0,1975,1975
Will Furrer\FurrWi00,QB,1,1992,1995
Will Grier\GrieWi00,QB,1,2019,2019
Willie Gillus\GillWi21,QB,0,1987,1987
Willie Thrower\ThroWi20,QB,,1953,1953
Willie Totten\TottWi20,QB,0,1987,1987
Y.A. Tittle+\TittY.00,QB,47,1948,1964
Young Bussey\BussYo20,QB,,1941,1941
Zac Dysert\DyseZa00,QB,,2014,2014
Zac Robinson\RobiZa00,QB,0,2012,2012
Zach Mettenberger\MettZa00,QB,1,2014,2015
Zeke Bratkowski\BratZe00,QB,22,1954,1971