Player,Pos,AV,From,To
A.B. Brown\BrowAB00,RB,0,1989,1992
A.D. Whitfield\WhitA.00,RB,16,1965,1968
A.J. Jones\JoneA.20,RB,0,1982,1985
Aaron Brown\BrowAa00,RB,2,2009,2011
Aaron Craver\CravAa00,RB,21,1991,1999
Aaron Green\GreeAa01,RB,0,2016,2016
Aaron Hayden\HaydAa00,RB,5,1995,1998
Aaron Jones\JoneAa00,RB,21,2017,2019
Aaron Stecker\StecAa00,RB,21,2000,2009
Adam Walker\WalkAd00,RB,2,1992,1996
Adam Walker\WalkAd20,RB,0,1987,1987
Adger Armstrong\ArmsAd00,RB,8,1980,1985
Adimchinobe Echemandu\EcheAd00,RB,1,2004,2007
Adrian Murrell\MurrAd00,RB,42,1993,2003
Adrian Peterson\PeteAd00,RB,12,2002,2009
Adrian Peterson\PeteAd01,RB,121,2007,2019
Adrian Wright\WrigAd20,RB,2,1987,1987
Ahmad Bradshaw\BradAh00,RB,47,2007,2015
Ahman Green\GreeAh00,RB,93,1998,2009
Ahmard Hall\HallAh00,RB,5,2006,2011
Akeem Hunt\HuntAk01,RB,2,2015,2017
Al Haywood\HaywAl20,RB,0,1975,1975
Al Hunter\HuntAl00,RB,9,1977,1980
Al Wolden\WoldAl20,RB,0,1987,1987
Alan Reid\ReidAl20,RB,0,1987,1987
Albert Bentley\BentAl00,RB,38,1985,1992
Albert Young\YounAl01,RB,0,2009,2010
Alex Collins\CollAl00,RB,14,2016,2018
Alex Green\GreeAl00,RB,5,2011,2013
Alex Haynes\HaynAl00,RB,0,2007,2007
Alex Moore\MoorAl01,RB,0,1968,1968
Alexander Mattison\MattAl01,RB,4,2019,2019
Alfonso Smith\SmitAl22,RB,2,2010,2014
Alfred Anderson\AndeAl00,RB,25,1984,1991
Alfred Blue\BlueAl00,RB,19,2014,2018
Alfred Morris\MorrAl00,RB,39,2012,2019
Allan Clark\ClarAl00,RB,1,1979,1982
Allen Bradford\BradAl00,RB,1,2011,2015
Allen Carter\CartAl00,RB,2,1975,1976
Allen Harvin\HarvAl20,RB,0,1987,1987
Allen Pinkett\PinkAl00,RB,26,1986,1991
Allen Rice\RiceAl00,RB,18,1984,1991
Allen Smith\SmitAl00,RB,1,1966,1967
Allen Williams\WillAl21,RB,0,1995,1995
Alois Blackwell\BlacAl20,RB,0,1978,1979
Alonzo Coleman\ColeAl21,RB,0,2008,2008
Alonzo Harris\HarrAl00,RB,0,2015,2015
Alonzo Highsmith\HighAl00,RB,12,1987,1992
Alonzo Williams\WillAl22,RB,0,1987,1987
Altie Taylor\TaylAl00,RB,67,1969,1976
Alvester Alexander\AlexAl00,RB,0,2012,2012
Alvin Blount\BlouAl20,RB,1,1987,1987
Alvin Kamara\KamaAl00,RB,43,2017,2019
Alvin Maxson\MaxsAl00,RB,14,1974,1978
Alvin Mitchell\MitcAl22,RB,0,1989,1989
Alvin Moore\MoorAl00,RB,6,1983,1987
Alvin Pearman\PearAl00,RB,5,2005,2009
Alvin Ross\RossAl20,RB,1,1987,1987
Ameer Abdullah\AbduAm00,RB,13,2015,2019
Amos Lawrence\LawrAm20,RB,1,1981,1982
Amos Zereoue\ZereAm00,RB,24,1999,2005
Amp Lee\LeexAm00,RB,36,1992,2000
Andra Franklin\FranAn00,RB,19,1981,1984
Andre Brown\BrowAn03,RB,7,2010,2013
Andre Ellington\ElliAn00,RB,19,2013,2017
Andre Hall\HallAn01,RB,3,2007,2008
Andre Hardy\HardAn00,RB,1,1984,1987
Andre Thomas\ThomAn20,RB,0,1987,1987
Andre Williams\WillAn00,RB,7,2014,2017
Andre' Anderson\AndeAn23,RB,0,2010,2010
Andrew Jackson\JackAn20,RB,2,1987,1987
Andrew Jones\JoneAn00,RB,1,1975,1976
Andy Bolton\BoltAn00,RB,0,1976,1978
Andy Hopkins\HopkAn00,RB,0,1971,1971
Andy Johnson\JohnAn01,RB,38,1974,1982
Andy Livingston\LiviAn00,RB,18,1964,1970
Andy Reid\ReidAn20,RB,0,1976,1976
Andy Uram\UramAn20,RB,,1938,1943
Anthony Allen\AlleAn01,RB,1,2011,2012
Anthony Anderson\AndeAn20,RB,1,1979,1980
Anthony Corley\CorlAn20,RB,1,1984,1985
Anthony Daigle\DaigAn20,RB,0,1994,1994
Anthony Davis\DaviAn00,RB,2,1977,1978
Anthony Dixon\DixoAn00,RB,8,2010,2015
Anthony Hutchison\HutcAn20,RB,0,1983,1985
Anthony Johnson\JohnAn00,RB,37,1990,2000
Anthony Lynn\LynnAn00,RB,1,1993,1999
Anthony McDowell\McDoAn00,RB,5,1992,1994
Anthony Mosley\MoslAn20,RB,1,1987,1987
Anthony Sherman\SherAn00,RB,6,2011,2019
Anthony Steels\SteeAn20,RB,0,1985,1987
Anthony Thomas\ThomAn01,RB,29,2001,2007
Anthony Thompson\ThomAn00,RB,6,1990,1992
Anthony Toney\ToneAn00,RB,25,1986,1990
Antone Smith\SmitAn01,RB,5,2010,2016
Antonio Andrews\AndrAn00,RB,4,2014,2016
Antonio Pittman\PittAn00,RB,3,2007,2008
Antowain Smith\SmitAn00,RB,57,1997,2005
Archie Griffin\GrifAr00,RB,41,1976,1982
Arian Foster\FostAr00,RB,63,2009,2016
Arlen Harris\HarrAr00,RB,6,2003,2006
Armando Allen\AlleAr00,RB,1,2011,2012
Armond Smith\SmitAr00,RB,0,2011,2013
Arnold Mickens\MickAr20,RB,0,1996,1996
Arnold Morgado\MorgAr00,RB,8,1977,1980
Arrike James\JameAr20,RB,0,1987,1987
Arrington Jones\JoneAr20,RB,0,1981,1981
Art Best\BestAr20,RB,0,1977,1980
Art Malone\MaloAr00,RB,35,1970,1976
Arthur Green\GreeAr00,RB,1,1972,1972
Arthur Whittington\WhitAr00,RB,20,1978,1982
Artose Pinner\PinnAr00,RB,8,2003,2007
Austin Ekeler\EkelAu00,RB,23,2017,2019
Austin Walter\WaltAu00,RB,0,2019,2019
Autry Denson\DensAu00,RB,3,1999,2002
Aveion Cason\CasoAv00,RB,8,2001,2008
Avon Cobourne\CoboAv00,RB,0,2003,2003
B.J. Sams\SamsB.00,RB,3,2004,2008
Bam Morris\MorrBa00,RB,32,1994,1999
Baron Batch\BatcBa00,RB,1,2012,2012
Barry Foster\FostBa00,RB,34,1990,1994
Barry Pryor\PryoBa00,RB,0,1969,1970
Barry Redden\ReddBa00,RB,16,1982,1990
Barry Sanders+\SandBa00,RB,150,1989,1998
Barry Word\WordBa00,RB,26,1987,1994
Barty Smith\SmitBa00,RB,22,1974,1980
Basil Mitchell\MitcBa00,RB,2,1999,2000
Beanie Wells\WellCh00,RB,15,2009,2012
Ben Garry\GarrBe20,RB,0,1979,1980
Ben Gay\GayxBe00,RB,1,2001,2001
Ben Gregory\GregBe00,RB,2,1968,1968
Ben Malena\MaleBe00,RB,,2014,2014
Ben Norman\NormBe20,RB,0,1980,1980
Ben Tate\TateBe00,RB,15,2011,2014
BenJarvus Green-Ellis\GreeBe00,RB,34,2008,2013
Benny Cunningham\CunnBe01,RB,12,2013,2018
Benny Malone\MaloBe00,RB,34,1974,1979
Beno Bryant\BryaBe20,RB,0,1994,1994
Bernard Pierce\PierBe00,RB,10,2012,2015
Bernard Scott\ScotBe00,RB,9,2009,2013
Bernie Parmalee\ParmBe00,RB,29,1992,2000
Bert Piggott\PiggBe20,RB,,1947,1947
Bilal Powell\PoweBi00,RB,30,2011,2019
Bill Brown\BrowBi00,RB,90,1961,1974
Bill Butler\ButlBi00,RB,7,1972,1974
Bill Dusenbery\DuseBi00,RB,0,1970,1970
Bill Johnson\JohnBi00,RB,4,1985,1987
Bill Jones\JoneBi00,RB,3,1990,1992
Bill Olds\OldsBi00,RB,13,1973,1976
Bill Ring\RingBi00,RB,10,1981,1986
Bill Thomas\ThomBi00,RB,0,1972,1974
Bill Tucker\TuckBi00,RB,9,1967,1971
Billy Campfield\CampBi00,RB,17,1978,1983
Billy Harris\HarrBi00,RB,2,1968,1971
Billy Jackson\JackBi00,RB,14,1981,1984
Billy Joe\JoexBi00,RB,21,1963,1969
Billy Latsko\LatsBi00,RB,0,2010,2010
Billy Pritchett\PritBi00,RB,3,1975,1977
Billy Sims\SimsBi00,RB,63,1980,1984
Billy Taylor\TaylBi00,RB,15,1978,1982
Bishop Sankey\SankBi00,RB,6,2014,2015
Blair Thomas\ThomBl00,RB,22,1990,1995
Blake Ezor\EzorBl20,RB,1,1990,1990
Bo Hickey\HickBo00,RB,3,1967,1967
Bo Jackson\JackBo00,RB,24,1987,1990
Bo Matthews\MattBo00,RB,15,1974,1981
Bo Scarbrough\ScarBo01,RB,2,2019,2019
Bo Scott\ScotBo01,RB,30,1969,1974
Bob Brunet\BrunBo00,RB,5,1968,1977
Bob Cappadona\CappBo00,RB,5,1966,1968
Bob Christian\ChriBo00,RB,25,1992,2002
Bob Ferrell\FerrBo00,RB,6,1976,1980
Bob Gladieux\GladBo00,RB,4,1969,1972
Bob Gresham\GresBo00,RB,19,1971,1976
Bob Hudson\HudsBo00,RB,1,1972,1974
Bob Hunt\HuntBo20,RB,0,1974,1974
Bob McCall\McCaBo00,RB,0,1973,1973
Bob Perryman\PerrBo00,RB,13,1987,1992
Bob Thomas\ThomBo01,RB,6,1971,1974
Bob Torrey\TorrBo00,RB,1,1979,1980
Bobby Anderson\AndeBo00,RB,21,1970,1975
Bobby Batton\BattBo20,RB,0,1980,1980
Bobby Burnett\BurnBo01,RB,12,1966,1969
Bobby Duhon\DuhoBo00,RB,18,1968,1972
Bobby Hammond\HammBo00,RB,15,1976,1980
Bobby Howard\HowaBo00,RB,3,1986,1988
Bobby Humphrey\HumpBo00,RB,28,1989,1992
Bobby Joe Edmonds\EdmoBo00,RB,1,1986,1995
Bobby Morse\MorsBo00,RB,1,1987,1991
Bobby Phillips\PhilBo20,RB,0,1995,1995
Bobby Rainey\RainBo00,RB,11,2012,2017
Bobby Thompson\ThomBo00,RB,4,1975,1976
Boobie Clark\ClarBo00,RB,42,1973,1980
Booker Moore\MoorBo00,RB,6,1982,1985
Booker Russell\RussBo00,RB,3,1978,1981
Boston Scott\ScotBo02,RB,3,2018,2019
Boyce Green\GreeBo00,RB,15,1983,1987
Brad Baxter\BaxtBr00,RB,23,1989,1995
Brad Davis\DaviBr20,RB,0,1975,1976
Brad Hubbert\HubbBr00,RB,14,1967,1970
Brad Muster\MustBr00,RB,35,1988,1994
Bralon Addison\AddiBr01,RB,0,2016,2016
Branden Oliver\OlivBr01,RB,8,2014,2017
Brandon Bennett\BennBr00,RB,14,1998,2004
Brandon Bolden\BoldBr00,RB,12,2012,2019
Brandon Burks\BurkBr00,RB,0,2016,2016
Brandon Jackson\JackBr00,RB,17,2007,2012
Brandon Jacobs\JacoBr00,RB,41,2005,2013
Brandon Miree\MireBr00,RB,0,2006,2006
Brandon Saine\SainBr00,RB,1,2011,2012
Brandon Wegher\WeghBr00,RB,0,2015,2015
Brandon Wilds\WildBr01,RB,0,2016,2018
Brendan McCarthy\McCaBr00,RB,3,1968,1969
Brent Fullwood\FullBr00,RB,14,1987,1990
Brent McClanahan\McClBr00,RB,19,1973,1979
Brent Moss\MossBr20,RB,0,1995,1995
Brett Wilson\WilsBr21,RB,0,1987,1987
Brian Allen\AlleBr20,RB,0,2003,2003
Brian Calhoun\CalhBr00,RB,1,2006,2007
Brian Duncan\DuncBr00,RB,1,1976,1978
Brian Henesey\HeneBr20,RB,0,1994,1994
Brian Hill\HillBr02,RB,5,2017,2019
Brian Lattimore\LattBr20,RB,0,1991,1991
Brian Leonard\LeonBr00,RB,12,2007,2014
Brian Milne\MilnBr00,RB,3,1996,2000
Brian Mitchell\MitcBr00,RB,49,1990,2003
Brian Piccolo\PiccBr00,RB,14,1966,1969
Brian Satterfield\SattBr20,RB,0,1996,1996
Brian Westbrook\WestBr00,RB,80,2002,2010
Brock Bolen\BoleBr00,RB,0,2009,2011
Brock Forsey\ForsBr00,RB,2,2003,2004
Brock Olivo\OlivBr00,RB,1,1998,2001
Broderick Sargent\SargBr00,RB,2,1986,1989
Bronson Hill\HillBr01,RB,0,2016,2017
Bruce Hansen\HansBr21,RB,1,1987,1987
Bruce King\KingBr00,RB,1,1985,1987
Bruce Maxwell\MaxwBr00,RB,0,1970,1970
Bruce Perkins\PerkBr00,RB,1,1990,1991
Bruce Perry\PerrBr01,RB,0,2005,2006
Bryce Brown\BrowBr02,RB,10,2012,2015
Bubba Bean\BeanBu00,RB,14,1976,1979
Buddy Hardeman\HardBu00,RB,6,1979,1980
Buddy Howell\HoweBu00,RB,0,2018,2018
Buddy Howell\HoweGr00,RB,0,2018,2019
Buford Jordan\JordBu00,RB,9,1986,1992
Buford McGee\McGeBu00,RB,18,1984,1992
Burnie Legette\LegeBu20,RB,0,1993,1994
Butch Woolfolk\WoolBu00,RB,28,1982,1988
Butler By'not'e\BynoBu20,RB,0,1994,1995
Byron Hanspard\HansBy00,RB,8,1997,1999
Byron Marshall\MarsBy01,RB,0,2016,2018
Byron Storer\StorBy00,RB,0,2007,2008
C.J. Anderson\AndeC.00,RB,28,2013,2019
C.J. Ham\HamxC.00,RB,4,2017,2019
C.J. Prosise\ProsC.00,RB,5,2016,2019
C.J. Spiller\SpilC.00,RB,37,2010,2017
Cadillac Williams\WillCa02,RB,29,2005,2011
Calvin Hill\HillCa00,RB,88,1969,1981
Calvin Jones\JoneCa00,RB,1,1994,1996
Calvin Murray\MurrCa20,RB,1,1981,1982
Calvin Thomas\ThomCa00,RB,6,1982,1988
Cameron Artis-Payne\ArtiCa00,RB,5,2015,2018
Cannonball Butler\ButlCa00,RB,35,1965,1972
Carey Bender\BendCa20,RB,0,1996,1996
Carey Davis\DaviCa00,RB,1,2004,2009
Carl Byrum\ByruCa00,RB,5,1986,1988
Carl Fair\FairCa20,RB,0,2001,2001
Carl Garrett\GarrCa00,RB,58,1969,1977
Carl Monroe\MonrCa00,RB,5,1983,1987
Carl Painter\PainCa20,RB,1,1988,1989
Carl Woods\WoodCa20,RB,0,1987,1987
Carlos Hyde\HydeCa00,RB,31,2014,2019
Carlos King\KingCa00,RB,0,1998,1998
Casey Tiumalu\TiumCa20,RB,0,1987,1987
Cecil Collins\CollCe00,RB,3,1999,1999
Cecil Sapp\SappCe00,RB,2,2003,2008
Cedric Benson\BensCe00,RB,39,2005,2012
Cedric Cobbs\CobbCe00,RB,0,2004,2006
Cedric Houston\HousCe00,RB,5,2005,2006
Cedric Jackson\JackCe20,RB,0,1991,1991
Cedric Minter\MintCe00,RB,2,1984,1985
Cedric Peerman\PeerCe00,RB,4,2009,2016
Chad Dukes\DukeCh00,RB,0,2000,2000
Chad Levitt\LeviCh20,RB,0,1997,1997
Chad Morton\MortCh00,RB,10,2000,2006
Chad Simpson\SimpCh00,RB,3,2008,2010
Chad Spann\SpanCh00,RB,0,2011,2013
Chad Stark\StarCh20,RB,0,1987,1987
Champ Henson\HensCh00,RB,0,1975,1975
Chandler Cox\CoxxCh01,RB,0,2019,2019
Charcandrick West\WestCh01,RB,13,2014,2018
Charles Alexander\AlexCh00,RB,31,1979,1985
Charles Ali\AlixCh00,RB,0,2007,2008
Charles Crawford\CrawCh00,RB,1,1986,1987
Charles Evans\EvanCh00,RB,11,1993,2000
Charles Gladman\GladCh21,RB,0,1987,1987
Charles Sims\SimsCh00,RB,14,2014,2017
Charles Way\WayxCh00,RB,16,1995,1999
Charles White\WhitCh00,RB,32,1980,1988
Charley Young\YounCh01,RB,11,1974,1976
Charlie Brown\BrowCh02,RB,1,1967,1968
Charlie Bryant\BryaCh00,RB,2,1966,1969
Charlie Davis\DaviCh00,RB,7,1974,1976
Charlie Evans\EvanCh01,RB,11,1971,1974
Charlie Garner\GarnCh00,RB,84,1994,2004
Charlie Harraway\HarrCh00,RB,47,1966,1973
Charlie Leigh\LeigCh00,RB,4,1968,1974
Charlie Pittman\PittCh00,RB,0,1970,1971
Charlie Rogers\RogeCh00,RB,3,1999,2003
Charlie Smith\SmitCh01,RB,48,1968,1975
Charlie Thomas\ThomCh20,RB,0,1975,1975
Charlie White\WhitCh01,RB,2,1977,1978
Chase Edmonds\EdmoCh00,RB,5,2018,2019
Chase Reynolds\ReynCh00,RB,0,2012,2016
Chauncey Washington\WashCh00,RB,0,2008,2011
Chester Taylor\TaylCh01,RB,47,2002,2011
Chester Willis\WillCh00,RB,0,1981,1984
Chet Winters\WintCh20,RB,0,1983,1983
Chris Barclay\BarcCh00,RB,0,2007,2007
Chris Brewer\BrewCh00,RB,1,1984,1987
Chris Brown\BrowCh03,RB,25,2003,2009
Chris Carson\CarsCh00,RB,22,2017,2019
Chris Floyd\FloyCh00,RB,0,1998,2000
Chris Fuamatu-Ma'afala\FuamCh00,RB,10,1998,2004
Chris Gronkowski\GronCh00,RB,0,2010,2012
Chris Henry\HenrCh01,RB,1,2007,2010
Chris Howard\HowaCh00,RB,1,1998,2000
Chris Ivory\IvorCh00,RB,39,2010,2018
Chris Jennings\JennCh00,RB,2,2009,2009
Chris Johnson\JohnCh04,RB,83,2008,2017
Chris Massey\MassCh00,RB,8,2002,2011
Chris McLemore\McLeCh20,RB,0,1987,1988
Chris Ogbonnaya\OgboCh00,RB,8,2009,2014
Chris Parker\ParkCh21,RB,0,1997,1997
Chris Perry\PerrCh00,RB,9,2004,2008
Chris Polk\PolkCh00,RB,6,2012,2015
Chris Pressley\PresCh00,RB,0,2009,2012
Chris Rainey\RainCh00,RB,1,2012,2013
Chris Samuels\SamuCh20,RB,0,1991,1991
Chris Smith\SmitCh22,RB,1,1986,1987
Chris Taylor\TaylCh02,RB,1,2006,2008
Chris Thompson\ThomCh03,RB,21,2013,2019
Chris Warren\WarrCh00,RB,70,1990,2000
Christian McCaffrey\McCaCh01,RB,40,2017,2019
Christian Okoye\OkoyCh00,RB,36,1987,1992
Christine Michael\MichCh00,RB,9,2013,2018
Chuck Banks\BankCh00,RB,3,1986,1987
Chuck Foreman\ForeCh00,RB,92,1973,1980
Chuck Levy\LevyCh00,RB,4,1994,1998
Chuck McSwain\McSwCh20,RB,0,1983,1987
Chuck Mercein\MercCh00,RB,5,1965,1970
Chuck Muncie\MuncCh00,RB,85,1976,1984
Chuck Sanders\SandCh21,RB,0,1986,1987
Chuck Weatherspoon\WeatCh20,RB,0,1991,1991
Ciatrick Fason\FasoCi00,RB,1,2005,2006
Cid Edwards\EdwaCi00,RB,39,1968,1975
Cierre Wood\WoodCi00,RB,0,2013,2015
Clarence Bailey\BailCl20,RB,0,1987,1987
Clarence Davis\DaviCl00,RB,49,1971,1978
Clarence Harmon\HarmCl00,RB,25,1977,1982
Clarence Hawkins\HawkCl20,RB,1,1979,1979
Clarence Williams\WillCl00,RB,0,2000,2000
Clarence Williams\WillCl01,RB,18,1977,1981
Clark Gaines\GainCl00,RB,32,1976,1982
Claxton Welch\WelcCl00,RB,0,1969,1973
Clayton Heath\HeatCl20,RB,0,1976,1976
Clem Turner\TurnCl00,RB,3,1969,1972
Cleo Miller\MillCl00,RB,33,1974,1982
Cleve Wester\WestCl20,RB,1,1987,1987
Cleveland Franklin\FranCl00,RB,8,1977,1982
Cleveland Gary\GaryCl00,RB,25,1989,1994
Clif Groce\GrocCl00,RB,3,1995,2000
Cliff Austin\AustCl00,RB,5,1983,1987
Cliff Chatman\ChatCl20,RB,1,1982,1982
Cliff McClain\McClCl00,RB,6,1970,1973
Cliff Taylor\TaylCl00,RB,1,1974,1976
Clifton Dawson\DawsCl00,RB,1,2007,2008
Clifton Smith\SmitCl22,RB,2,2008,2010
Clint Jones\JoneCl00,RB,27,1967,1973
Clinton Portis\PortCl00,RB,82,2002,2010
Collin Mooney\MoonCo00,RB,0,2012,2013
Corey Clement\ClemCo00,RB,6,2017,2019
Corey Croom\CrooCo00,RB,2,1993,1995
Corey Dillon\DillCo00,RB,91,1997,2006
Corey Grant\GranCo00,RB,4,2015,2018
Corey Walker\WalkCo00,RB,0,1998,1998
Correll Buckhalter\BuckCo00,RB,32,2001,2010
Cory Boyd\BoydCo01,RB,0,2008,2008
Cory Ross\RossCo00,RB,0,2006,2007
Craig Ellis\ElliCr20,RB,1,1986,1987
Craig Heyward\HeywCr00,RB,44,1988,1998
Craig James\JameCr00,RB,24,1984,1988
Craig Reynolds\ReynCr00,RB,0,2019,2019
Craig Taylor\TaylCr00,RB,5,1989,1991
Craig Walendy\WaleCr20,RB,0,2000,2000
Cullen Bryant\BryaCu00,RB,36,1973,1987
Cullen Gillaspia\GillCu00,RB,0,2019,2019
Curt Warner\WarnCu00,RB,67,1983,1990
Curtis Adams\AdamCu00,RB,6,1985,1988
Curtis Bledsoe\BledCu20,RB,1,1981,1982
Curtis Brinkley\BrinCu00,RB,2,2010,2012
Curtis Brown\BrowCu00,RB,23,1977,1983
Curtis Dickey\DickCu00,RB,42,1980,1986
Curtis Enis\EnisCu00,RB,10,1998,2000
Curtis Keaton\KeatCu00,RB,0,2000,2002
Curtis Martin+\MartCu00,RB,128,1995,2005
Curtis Stewart\StewCu20,RB,0,1989,1989
Curvin Richards\RichCu00,RB,2,1991,1993
Cyril Pinder\PindCy00,RB,20,1968,1973
Cyrus Gray\GrayCy00,RB,1,2012,2014
D.J. Adams\AdamD.00,RB,,2014,2014
D.J. Dozier\DoziDJ00,RB,8,1987,1991
D.J. Foster\FostD.01,RB,1,2016,2019
D'Ernest Johnson\JohnDE04,RB,1,2019,2019
D'Onta Foreman\ForeDO00,RB,3,2017,2018
Da'Rel Scott\ScotDa01,RB,1,2011,2013
Dahrran Diedrick\DiedDa20,RB,0,2004,2004
Dalton Hilliard\HillDa00,RB,54,1986,1993
Dalvin Cook\CookDa01,RB,24,2017,2019
Dalyn Dawkins\DawkDa01,RB,0,2018,2019
Dameon Hunter\HuntDa21,RB,0,2002,2002
Damien Anderson\AndeDa00,RB,2,2002,2005
Damien Berry\BerrDa00,RB,0,2012,2012
Damien Harris\HarrDa06,RB,0,2019,2019
Damien Nash\NashDa00,RB,1,2005,2006
Damien Williams\WillDa05,RB,18,2014,2019
Damon Washington\WashDa00,RB,1,2000,2002
Dan Alexander\AlexDa21,RB,0,2001,2003
Dan Doornink\DoorDa00,RB,34,1978,1985
Dan Herron\HerrDa00,RB,5,2012,2015
Dan Reeder\ReedDa20,RB,0,1986,1987
Dan Reeves\ReevDa00,RB,40,1965,1972
Dan Rice\RiceDa20,RB,0,1987,1987
Dana Wright\WrigDa20,RB,1,1987,1987
Daniel Lasco\LascDa00,RB,0,2016,2017
Daniel Thomas\ThomDa03,RB,12,2011,2014
Danny Bradley\BradDa21,RB,0,1987,1987
Danny Pierce\PierDa00,RB,0,1970,1970
Danny Ware\WareDa00,RB,5,2007,2012
Danny Woodhead\WoodDa02,RB,43,2009,2017
Dante Brown\BrowDa02,RB,0,2004,2004
Dantrell Savage\SavaDa20,RB,1,2008,2009
Dare Ogunbowale\OgunDa00,RB,2,2017,2019
Darick Holmes\HolmDa00,RB,17,1995,1999
Darius Jackson\JackDa01,RB,0,2018,2018
Darius Walker\WalkDa00,RB,3,2007,2007
Darnell Autry\AutrDa00,RB,7,1997,2000
Darnell Powell\PoweDa00,RB,1,1976,1978
Darrel Williams\WillDa10,RB,4,2018,2019
Darrell Henderson\HendDa00,RB,1,2019,2019
Darrell Thompson\ThomDa01,RB,17,1990,1994
Darren Evans\EvanDa00,RB,0,2011,2012
Darren Lewis\LewiDa00,RB,5,1991,1993
Darren McFadden\McFaDa00,RB,45,2008,2017
Darren Sproles\SproDa00,RB,80,2005,2019
Darrin Nelson\NelsDa00,RB,56,1982,1992
Darrin Reaves\ReavDa00,RB,1,2014,2014
Darryl Clack\ClacDa00,RB,2,1986,1989
Darryl Clark\ClarDa23,RB,0,1987,1987
Darryl Harris\HarrDa00,RB,1,1988,1988
Darryl Oliver\OlivDa20,RB,0,1987,1987
Darwin Thompson\ThomDa06,RB,1,2019,2019
Daryl Johnston\JohnDa00,RB,30,1989,1999
Daryl Richardson\RichDa00,RB,7,2012,2016
Dave Atkins\AtkiDa00,RB,0,1973,1975
Dave Barrett\BarrDa21,RB,0,1982,1982
Dave D'Addio\DAddDa20,RB,0,1984,1984
Dave Farmer\FarmDa20,RB,0,1978,1978
Dave Gagnon\GagnDa00,RB,0,1974,1974
Dave Hampton\HampDa00,RB,50,1969,1976
Dave Kopay\KopaDa00,RB,14,1964,1972
Dave Meggett\MeggDa00,RB,52,1989,1998
Dave Osborn\OsboDa00,RB,55,1965,1976
Dave Preston\PresDa00,RB,25,1978,1983
Dave Romasko\RomaDa20,RB,0,1987,1987
Dave Smith\SmitDa01,RB,1,1970,1970
Dave Williams\WillDa01,RB,14,1977,1981
David Adams\AdamDa20,RB,0,1987,1987
David Allen\AlleDa00,RB,1,2003,2005
David Cobb\CobbDa00,RB,1,2015,2015
David Fluellen\FlueDa00,RB,0,2017,2019
David Green\GreeDa21,RB,0,1982,1982
David Green\GreeDa22,RB,0,1995,1995
David Johnson\JohnDa08,RB,36,2015,2019
David Kirtman\KirtDa00,RB,0,2007,2008
David Lang\LangDa00,RB,6,1991,1995
David McCluskey\McClDa22,RB,1,1987,1987
David Montgomery\MontDa01,RB,5,2019,2019
David Nelson\NelsDa21,RB,0,1984,1984
David Overstreet\OverDa00,RB,4,1983,1983
David Sims\SimsDa00,RB,17,1977,1979
David Thompson\ThomDa00,RB,0,1997,1998
David Williams\WillDa011,RB,0,2018,2018
David Wilson\WilsDa01,RB,5,2012,2014
Davin Meggett\MeggDa01,RB,0,2012,2012
De Dorsey\DorsDe00,RB,2,2006,2008
De'Angelo Henderson\HendDe01,RB,0,2017,2018
De'Anthony Thomas\ThomDe05,RB,7,2014,2019
De'Lance Turner\TurnDe01,RB,0,2018,2019
De'Mond Parker\ParkDe00,RB,2,1999,2000
De'Veon Smith\SmitDe06,RB,0,2017,2017
Deacon Turner\TurnDe00,RB,4,1978,1980
DeAndra Cobb\CobbDe00,RB,0,2005,2005
DeAndre Washington\WashDe00,RB,12,2016,2019
DeAngelo Williams\WillDe02,RB,73,2006,2016
Dee Brown\BrowDe02,RB,2,2002,2006
Deji Karim\KariDe00,RB,4,2010,2013
Del Rodgers\RodgDe00,RB,6,1982,1988
Del Thompson\ThomDe22,RB,0,1982,1982
Delone Carter\CartDe01,RB,3,2011,2013
Delvin Joyce\JoycDe00,RB,0,2002,2003
Delvin Williams\WillDe01,RB,63,1974,1981
DeMarco Murray\MurrDe00,RB,70,2011,2017
Demitrius Bronson\BronDe00,RB,,2014,2014
Dennis Bligen\BligDe00,RB,4,1984,1987
Dennis Johnson\JohnDe02,RB,1,2013,2013
Dennis Lundy\LundDe20,RB,0,1995,1995
Dennis Morgan\MorgDe00,RB,1,1974,1975
Dennis Smith\SmitDe20,RB,0,1990,1990
Deon Strother\StroDe20,RB,0,1994,1994
Derek Brown\BrowDe01,RB,18,1993,1996
Derek Loville\LoviDe00,RB,20,1990,1999
Derrick Blaylock\BlayDe00,RB,12,2002,2006
Derrick Clark\ClarDe01,RB,2,1994,1994
Derrick Coleman\ColeDe00,RB,1,2012,2018
Derrick Cullors\CullDe00,RB,4,1997,1998
Derrick Douglas\DougDe20,RB,0,1991,1991
Derrick Fenner\FennDe00,RB,34,1989,1997
Derrick Foster\FostDe20,RB,0,1987,1987
Derrick Gainer\GainDe00,RB,2,1990,1993
Derrick Harmon\HarmDe00,RB,5,1984,1986
Derrick Harris\HarrDe00,RB,1,1996,2001
Derrick Henry\HenrDe00,RB,29,2016,2019
Derrick Lassic\LassDe00,RB,3,1993,1993
Derrick McAdoo\McAdDe00,RB,2,1987,1988
Derrick Moore\MoorDe00,RB,10,1993,1995
Derrick Ross\RossDe00,RB,0,2006,2006
Derrick Thomas\ThomDe21,RB,0,1987,1987
Derrick Ward\WardDe01,RB,27,2004,2011
Derrick Wimbush\WimbDe00,RB,1,2005,2006
Derrick Witherspoon\WithDe20,RB,3,1995,1997
Derrius Guice\GuicDe00,RB,2,2019,2019
DeShaun Foster\FostDe00,RB,34,2003,2008
DeShawn Wynn\WynnDe00,RB,3,2007,2010
Detrez Newsome\NewsDe00,RB,1,2018,2018
Detron Smith\SmitDe00,RB,1,1996,2003
Deuce McAllister\McAlDe00,RB,61,2001,2008
Devante Mays\MaysDe00,RB,0,2017,2017
Devin Moore\MoorDe01,RB,0,2010,2012
Devin Singletary\SingDe00,RB,6,2019,2019
Devine Ozigbo\OzigDe01,RB,0,2019,2019
Devonta Freeman\FreeDe00,RB,47,2014,2019
Devontae Booker\BookDe00,RB,12,2016,2019
Dewell Brewer\BrewDe20,RB,1,1994,1994
Dexter Bussey\BussDe00,RB,54,1974,1984
Dexter Carter\CartDe00,RB,20,1990,1996
Dexter Williams\WillDe07,RB,0,2019,2019
Dick Davis\DaviDi00,RB,1,1970,1970
Dickie Post\PostDi00,RB,31,1967,1971
Dimitri Nance\NancDi00,RB,1,2010,2010
Dino Hall\HallDi00,RB,2,1979,1983
Dino Philyaw\PhilDi00,RB,1,1995,1999
Dion Lewis\LewiDi00,RB,31,2011,2019
Domanick Williams\DaviDo01,RB,34,2003,2005
Dominic Rhodes\RhodDo00,RB,40,2001,2010
Dominique Ross\RossDo20,RB,0,1995,1996
Dominique Williams\WillDo03,RB,,2014,2014
Don Calhoun\CalhDo00,RB,38,1974,1982
Don Goodman\GoodDo21,RB,0,1987,1987
Don Hardeman\HardDo00,RB,13,1975,1979
Don Heater\HeatDo20,RB,0,1972,1972
Don Highsmith\HighDo00,RB,6,1970,1973
Don Jackson\JackDo01,RB,0,2016,2016
Don McCall\McCaDo01,RB,11,1967,1970
Don McCauley\McCaDo00,RB,55,1971,1981
Don Nottingham\NottDo00,RB,31,1971,1977
Don Overton\OverDo20,RB,1,1990,1992
Don Shy\ShyxDo00,RB,23,1967,1973
Don Testerman\TestDo00,RB,15,1976,1980
Don Woods\WoodDo00,RB,38,1974,1980
Donald Brown\BrowDo00,RB,28,2009,2015
Donald Jordan\JordDo20,RB,1,1984,1984
Donnell Bennett\BennDo00,RB,15,1994,2001
Donnie Craft\CrafDo00,RB,6,1982,1984
Donnie Joe Morris\MorrDo20,RB,0,1974,1974
Donny Anderson\AndeDo00,RB,81,1966,1974
Dontrell Hilliard\HillDo00,RB,2,2018,2019
Dorsey Levens\LeveDo00,RB,62,1994,2004
Dou Innocent\InnoDo20,RB,0,1996,1996
Doug Chapman\ChapDo00,RB,3,2001,2003
Doug Cunningham\CunnDo00,RB,26,1967,1974
Doug Dennison\DennDo00,RB,12,1974,1978
Doug Dressler\DresDo00,RB,18,1970,1975
Doug DuBose\DuboDo00,RB,2,1987,1988
Doug Easlick\EaslDo20,RB,0,2004,2004
Doug Goodwin\GoodDo22,RB,0,1966,1968
Doug Kotar\KotaDo00,RB,33,1974,1981
Doug Lloyd\LloyDo20,RB,0,1991,1991
Doug Martin\MartDo00,RB,43,2012,2018
Doug Paschal\PascDo00,RB,1,1980,1980
Dreamius Smith\SmitDr02,RB,0,2015,2015
Duane Thomas\ThomDu00,RB,24,1970,1974
Duce Staley\StalDu00,RB,60,1997,2006
DuJuan Harris\HarrDu01,RB,5,2011,2016
Duke Johnson\JohnDu00,RB,27,2015,2019
Dusty McGrorty\McGrDu20,RB,0,2004,2004
Dwayne Crutchfield\CrutDw00,RB,7,1982,1984
Dwayne Washington\WashDw00,RB,4,2016,2019
Dwayne Wright\WrigDw01,RB,1,2007,2007
Dwight Beverly\BeveDw20,RB,2,1987,1987
Dwight Garner\GarnDw20,RB,0,1986,1986
Dwight Lee\LeexDw00,RB,0,1968,1968
Dwone Hicks\HickDw20,RB,0,2003,2003
E.J. Jones\JoneE.20,RB,0,1985,1987
Earl Beecham\BeecEa20,RB,0,1987,1987
Earl Campbell+\CampEa00,RB,78,1978,1985
Earl Carr\CarrEa20,RB,0,1978,1979
Earl Denny\DennEa00,RB,0,1967,1968
Earl Ferrell\FerrEa00,RB,33,1982,1989
Earl Gant\GantEa00,RB,3,1979,1980
Earnest Byner\ByneEa00,RB,106,1984,1997
Earnest Graham\GrahEa00,RB,20,2004,2011
Earnest Hunter\HuntEa00,RB,2,1995,1996
Earnest Jackson\JackEa00,RB,33,1983,1988
Ed Jenkins\JenkEd00,RB,0,1972,1974
Ed Marinaro\MariEd00,RB,26,1972,1977
Ed Podolak\PodoEd00,RB,63,1969,1977
Ed Stansbury\StanEd20,RB,0,2002,2002
Ed Toner\ToneEd21,RB,0,1992,1994
Ed Williams\WillEd01,RB,9,1974,1977
Eddie Fuller\FullEd20,RB,0,1991,1993
Eddie George\GeorEd00,RB,91,1996,2004
Eddie Hicks\HickEd20,RB,0,1979,1980
Eddie Hill\HillEd00,RB,5,1979,1984
Eddie Hunter\HuntEd20,RB,2,1987,1987
Eddie Lacy\LacyEd00,RB,38,2013,2017
Eddie Lee Ivery\IverEd00,RB,37,1979,1986
Eddie Moss\MossEd00,RB,0,1973,1977
Eddie Payton\PaytEd00,RB,3,1977,1982
Eddie Watson\WatsEd00,RB,0,1999,1999
Eddie Williams\WillEd00,RB,0,2011,2012
Edgar Bennett\BennEd00,RB,53,1992,1999
Edgerrin James+\JameEd00,RB,136,1999,2009
Edwin Baker\BakeEd01,RB,1,2012,2014
Eldra Buckley\BuckEl00,RB,1,2009,2011
Elgin Davis\DaviEl20,RB,0,1987,1988
Elijah Hood\HoodEl00,RB,0,2017,2017
Elijah McGuire\McGuEl00,RB,6,2017,2018
Elijhaa Penny\PennEl00,RB,2,2017,2019
Elliott Walker\WalkEl20,RB,0,1978,1978
Elroy Harris\HarrEl21,RB,0,1989,1989
Elton Veals\VealEl00,RB,1,1984,1984
Elvis Joseph\JoseEl00,RB,5,2001,2002
Elvis Peacock\PeacEl00,RB,10,1979,1981
Emerson Boozer\BoozEm00,RB,65,1966,1975
Emmitt Smith+\SmitEm00,RB,170,1990,2004
Eric Ball\BallEr00,RB,5,1989,1995
Eric Bieniemy\BienEr00,RB,26,1991,1999
Eric Cobble\CobbEr20,RB,0,1987,1987
Eric Dickerson+\DickEr00,RB,110,1983,1993
Eric Kettani\KettEr00,RB,0,2012,2014
Eric Lane\LaneEr00,RB,6,1981,1987
Eric Lane\LaneEr20,RB,0,1997,1997
Eric Lynch\LyncEr00,RB,2,1992,1996
Eric McCoo\McCoEr00,RB,1,2004,2004
Eric Shelton\ShelEr00,RB,0,2006,2006
Eric Torkelson\TorkEr00,RB,14,1974,1981
Erik Bickerstaff\BickEr00,RB,0,2003,2003
Ernie Thompson\ThomEr00,RB,1,1991,1993
Ernie Wheelwright\WheeEr00,RB,17,1964,1970
Erric Pegram\PegrEr00,RB,31,1991,1997
Errict Rhett\RhetEr00,RB,29,1994,2000
Essex Johnson\JohnEs00,RB,49,1968,1976
Estes Banks\BankEs00,RB,1,1967,1968
Evan Royster\RoysEv00,RB,4,2011,2013
Ezekiel Elliott\ElliEz00,RB,52,2016,2019
Felix Jones\JoneFe00,RB,30,2008,2013
Fitzgerald Toussaint\TousFi00,RB,1,2014,2017
Floyd Little+\LittFl00,RB,83,1967,1975
Fozzy Whittaker\WhitFo00,RB,8,2012,2017
Fran Lynch\LyncFr00,RB,12,1967,1975
Franco Harris+\HarrFr00,RB,134,1972,1984
Frank Aschenbrenner\AschFr20,RB,,1949,1949
Frank Bianchini\BianFr20,RB,0,1987,1987
Frank Cephous\CephFr20,RB,0,1984,1984
Frank Gore\GoreFr00,RB,129,2005,2019
Frank Harris\HarrFr20,RB,0,1987,1987
Frank Harvey\HarvFr20,RB,0,1994,1994
Frank Hawkins\HawkFr00,RB,17,1981,1987
Frank Middleton\MiddFr00,RB,4,1984,1987
Frank Moreau\MoreFr00,RB,1,2000,2001
Frank Pollard\PollFr00,RB,37,1980,1988
Frank Quayle\QuayFr00,RB,3,1969,1969
Frank Summers\SummFr00,RB,1,2009,2014
Fred Jackson\JackFr02,RB,57,2007,2015
Fred Lane\LaneFr00,RB,17,1997,1999
Fred McAfee\McAfFr00,RB,10,1991,2006
Fred Taylor\TaylFr00,RB,110,1998,2010
Fred Willis\WillFr00,RB,36,1971,1976
Freddie Bradley\BradFr00,RB,1,1996,1996
Freddie Parker\ParkFr21,RB,0,1987,1987
Freeman McNeil\McNeFr00,RB,96,1981,1992
Gale Sayers+\SayeGa00,RB,64,1965,1971
Garland Jean-Batiste\JeanGa20,RB,0,1987,1987
Garrett Ford\FordGa00,RB,2,1968,1968
Garrett Limbrick\LimbGa20,RB,0,1990,1990
Garrett Wolfe\WolfGa00,RB,2,2007,2010
Garrison Hearst\HearGa00,RB,82,1993,2004
Garry James\JameGa00,RB,18,1986,1988
Gartrell Johnson\JohnGa01,RB,0,2009,2010
Gary Allen\AlleGa20,RB,1,1982,1984
Gary Anderson\AndeGa00,RB,48,1985,1993
Gary Brown\BrowGa00,RB,30,1991,1999
Gary Davis\DaviGa00,RB,25,1976,1981
Gary Downs\DownGa00,RB,1,1994,2000
Gary Ellerson\ElleGa00,RB,6,1985,1987
Gary Hayman\HaymGa00,RB,0,1974,1975
Gary Kosins\KosiGa00,RB,1,1972,1974
Gary Lewis\LewiGa01,RB,16,1964,1970
Gary McDermott\McDeGa00,RB,2,1968,1969
Gary Russell\RussGa00,RB,1,2007,2009
Gary Tucker\TuckGa00,RB,0,1968,1968
Gaston Green\GreeGa00,RB,17,1988,1992
Gene Donaldson\DonaGe00,RB,0,1967,1967
Gene Foster\FostGe00,RB,23,1965,1970
Gene Lang\LangGe00,RB,19,1984,1990
Gene Moore\MoorGe00,RB,0,1969,1969
Gene Thomas\ThomGe01,RB,6,1966,1968
George Adams\AdamGe00,RB,13,1985,1991
George Amundson\AmunGe00,RB,4,1973,1975
George Atkinson\AtkiGe01,RB,0,2014,2016
George Farmer\FarmGe02,RB,0,2016,2016
George Franklin\FranGe00,RB,0,1978,1978
George Jones\JoneGe00,RB,4,1997,1999
George Layne\LaynGe00,RB,0,2001,2004
George Nock\NockGe00,RB,7,1969,1972
George Peoples\PeopGe20,RB,0,1982,1985
George Rogers\RogeGe00,RB,52,1981,1987
George Swarn\SwarGe20,RB,0,1987,1987
George Winn\WinnGe00,RB,0,2014,2015
George Wonsley\WonsGe00,RB,11,1984,1989
Gerald Riggs\RiggGe00,RB,65,1982,1991
Gerald White\WhitGe22,RB,0,1987,1987
Gerald Willhite\WillGe00,RB,29,1982,1988
Gerry Allen\AlleJe00,RB,9,1966,1969
Gerry Ellis\ElliGe00,RB,49,1980,1986
Gilbert Harris\HarrGi00,RB,0,2007,2007
Gill Fenerty\FeneGi00,RB,10,1990,1991
Giovani Bernard\BernGi00,RB,42,2013,2019
Glen Bonner\BonnGl00,RB,3,1974,1975
Glen Coffee\CoffGl00,RB,2,2009,2009
Glenn Ellison\ElliGl20,RB,0,1971,1971
Glenn Winston\WinsGl00,RB,0,2014,2015
Glynn Harrison\HarrGl00,RB,0,1976,1976
Gordon Bell\BellGo00,RB,4,1976,1978
Gordon Brown\BrowGo20,RB,1,1987,1987
Greg Allen\AlleGr21,RB,0,1985,1986
Greg Bell\BellGr00,RB,41,1984,1990
Greg Boone\BoonGr20,RB,0,1987,1987
Greg Boykin\BoykGr00,RB,3,1977,1978
Greg Hill\HillGr00,RB,26,1994,1999
Greg Jones\JoneGr00,RB,3,1970,1971
Greg Jones\JoneGr01,RB,10,2004,2013
Greg Lewis\LewiGr00,RB,5,1991,1992
Greg Oliver\OlivGr00,RB,0,1973,1974
Greg Paterra\PateGr20,RB,1,1989,1989
Greg Pruitt\PruiGr00,RB,81,1973,1984
Greg Robinson\RobiGr00,RB,7,1993,1996
Greg Taylor\TaylGr20,RB,0,1982,1982
Gus Edwards\EdwaGu00,RB,11,2018,2019
Hank Bauer\BaueHa00,RB,3,1977,1982
Hank Bjorklund\BjorHa00,RB,3,1972,1974
Harlan Huckleby\HuckHa00,RB,9,1980,1985
Harmon Wages\WageHa00,RB,21,1968,1973
Harold Green\GreeHa00,RB,45,1990,1998
Harold Hart\HartHa00,RB,6,1974,1978
Harold Ricks\RickHa20,RB,1,1987,1987
Harold Shaw\ShawHa00,RB,0,1998,2000
Harry Jones\JoneHa01,RB,2,1967,1970
Harry Sydney\SydnHa00,RB,13,1987,1992
Harry Wilson\WilsHa00,RB,0,1967,1970
Harvey Unga\UngaHa00,RB,0,2012,2012
Harvey Williams\WillHa00,RB,38,1991,1998
Haskel Stanback\StanHa00,RB,23,1974,1979
Heath Sherman\SherHe00,RB,21,1989,1993
Henry Dyer\DyerHe00,RB,5,1966,1970
Henry Hynoski\HynoHe00,RB,1,1975,1975
Henry Jones\JoneHe20,RB,0,1969,1969
Henry Josey\JoseHe00,RB,,2014,2014
Henry Matthews\MattHe00,RB,0,1972,1973
Henry Odom\OdomHe20,RB,0,1983,1983
Herb Lusk\LuskHe01,RB,6,1976,1978
Herb Mul-Key\Mul-He00,RB,4,1972,1974
Herbert Goodman\GoodHe00,RB,0,2000,2001
Herman Fontenot\FontHe00,RB,16,1985,1990
Herman Heard\HearHe00,RB,27,1984,1989
Herman Hunter\HuntHe00,RB,7,1985,1987
Herschel Walker\WalkHe00,RB,98,1986,1997
Hokie Gajan\GajaHo00,RB,14,1982,1985
Horace Belton\BeltHo00,RB,6,1978,1980
Horace Ivory\IvorHo00,RB,17,1977,1982
Horace King\KingHo00,RB,32,1975,1983
Howard Griffith\GrifHo00,RB,9,1993,2000
Howard Stevens\StevHo00,RB,3,1973,1977
Hoyle Granger\GranHo00,RB,43,1966,1972
Hub Lindsey\LindHu00,RB,0,1968,1968
Hubert Ginn\GinnHu00,RB,6,1970,1978
Hubie Oliver\OlivHu00,RB,12,1981,1986
Hugh McKinnis\McKiHu00,RB,13,1973,1976
I.M. Hipp\HippI.00,RB,0,1980,1980
Ian Smart\SmarIa00,RB,0,2004,2004
Ickey Woods\WoodIc00,RB,19,1988,1991
Ike Forte\FortIk00,RB,9,1976,1981
Ira Valentine\ValeIr20,RB,0,1987,1987
Irving Spikes\SpikIr00,RB,8,1994,1997
Isaac Redman\RedmIs20,RB,9,2009,2013
Isaiah Crowell\CrowIs00,RB,25,2014,2018
Isaiah Pead\PeadIs00,RB,1,2012,2016
Ito Smith\SmitIt00,RB,4,2018,2019
Ivory Lee Brown\BrowIv00,RB,2,1992,1992
Ivy Joe Hunter\HuntIv00,RB,1,1989,1991
Izzy Lang\LangIz00,RB,15,1964,1969
J.D. Runnels\RunnJ.00,RB,0,2006,2006
J.J. Arrington\ArriJ.00,RB,12,2005,2008
J.J. Johnson\JohnJ.00,RB,7,1999,2001
J.R. Redmond\RedmJ.00,RB,9,2000,2004
Jack DeGrenier\DeGrJa00,RB,1,1974,1974
Jack Deloplaine\DeloJa00,RB,1,1976,1979
Jack Harper\HarpJa00,RB,4,1967,1968
Jack Holmes\HolmJa00,RB,7,1978,1982
Jack Maitland\MaitJa00,RB,4,1970,1972
Jack Rizzo\RizzJa00,RB,0,1973,1973
Jack Wender\WendJa20,RB,0,1977,1977
Jackie Battle\BattJa00,RB,7,2007,2014
Jacob Hester\HestJa00,RB,7,2008,2012
Jacquizz Rodgers\RodgJa00,RB,27,2011,2018
Jahvid Best\BestJa00,RB,13,2010,2012
Jaime Covington\CoviJa20,RB,0,1987,1987
Jairo Penaranda\PenaJa20,RB,0,1981,1985
Jalen Parmele\ParmJa00,RB,1,2008,2014
Jalen Richard\RichJa01,RB,18,2016,2019
Jamaal Branch\BranJa00,RB,0,2006,2007
Jamaal Charles\CharJa00,RB,72,2008,2018
Jamaal Williams\WillJa06,RB,16,2017,2019
Jamal Anderson\AndeJa00,RB,53,1994,2001
Jamal Lewis\LewiJa00,RB,83,2000,2009
Jamal Robertson\RobeJa00,RB,2,2002,2006
Jamal Willis\WillJa27,RB,0,1995,1995
Jamel White\WhitJa00,RB,18,2000,2005
James Allen\AlleJa00,RB,19,1998,2002
James Betterson\BettJa00,RB,3,1977,1978
James Black\BlacJa20,RB,0,1984,1984
James Bostic\BostJa00,RB,1,1998,1999
James Brooks\BrooJa00,RB,103,1981,1992
James Conner\ConnJa00,RB,16,2017,2019
James Davis\DaviJa03,RB,1,2009,2010
James Develin\DeveJa00,RB,3,2012,2019
James Evans\EvanJa22,RB,0,1987,1987
James Fenderson\FendJa00,RB,1,2001,2003
James Ford\FordJa00,RB,5,1971,1972
James Hadnot\HadnJa00,RB,13,1980,1983
James Jackson\JackJa00,RB,9,2001,2005
James Johnson\JohnJa02,RB,0,2008,2008
James Jones\JoneJa01,RB,4,1980,1985
James Joseph\JoseJa00,RB,11,1991,1995
James Lynch\LyncJa20,RB,0,2004,2004
James Mayberry\MaybJa00,RB,3,1979,1981
James McAlister\McAlJa00,RB,7,1975,1978
James Mungro\MungJa00,RB,5,2002,2005
James Primus\PrimJa00,RB,1,1988,1989
James Rouse\RousJa20,RB,1,1990,1991
James Sims\SimsJa00,RB,0,2006,2006
James Starks\StarJa00,RB,30,2010,2016
James Stewart\StewJa00,RB,52,1995,2002
James Stewart\StewJa20,RB,1,1995,1995
James White\WhitJa02,RB,36,2014,2019
James Wilder\WildJa00,RB,73,1981,1990
James Wilder\WildJa01,RB,,2014,2014
James Wofford\WoffJa20,RB,0,2002,2002
Jamie Harper\HarpJa01,RB,0,2011,2012
Jamie Lawson\LawsJa20,RB,0,1989,1990
Jamie Morris\MorrJa00,RB,6,1988,1990
Jamie Mueller\MuelJa00,RB,8,1987,1990
Jarmar Julien\JuliJa20,RB,0,2002,2002
Jarrett Payton\PaytJa00,RB,1,2005,2005
Jarryd Hayne\HaynJa00,RB,0,2015,2015
Jarvis Redwine\RedwJa00,RB,0,1981,1983
Jason Anderson\AndeJa02,RB,0,2005,2005
Jason Bratton\BratJa20,RB,0,1996,1996
Jason Brookins\BrooJa01,RB,4,2001,2001
Jason Burns\BurnJa20,RB,0,1995,1995
Jason Davis\DaviJa00,RB,0,2008,2008
Jason Snelling\SnelJa00,RB,23,2007,2013
Jason Wright\WrigJa01,RB,10,2004,2010
Javarris James\JameJa00,RB,1,2010,2012
Javarris Williams\WillJa05,RB,0,2009,2012
Javon Ringer\RingJa00,RB,4,2009,2012
Javorius Allen\AlleJa01,RB,14,2015,2019
Jay Ajayi\AjayJa00,RB,20,2015,2019
Jay Graham\GrahJa00,RB,3,1997,2002
Jaylen Samuels\SamuJa00,RB,6,2018,2019
Jazz Jackson\JackJa02,RB,2,1974,1976
Jeff Alexander\AlexJe00,RB,2,1989,1992
Jeff Demps\DempJe00,RB,0,2012,2014
Jeff Jordan\JordJe00,RB,0,1970,1972
Jeff Kinney\KinnJe00,RB,15,1972,1976
Jeff Moore\MoorJe01,RB,19,1979,1984
Jeff Powell\PoweJe21,RB,0,1987,1987
Jeff Rodenberger\RodeJe20,RB,1,1987,1987
Jeff Smith\SmitJe00,RB,11,1985,1988
Jeff Stanciel\StanJe00,RB,0,1969,1969
Jeff Wilson\WilsJe01,RB,3,2018,2019
Jeff Womack\WomaJe20,RB,1,1987,1987
Jehuu Caulcrick\CaulJe00,RB,0,2010,2010
Jerald Moore\MoorJe00,RB,5,1996,2000
Jeremiah Johnson\JohnJe01,RB,1,2011,2012
Jeremy Hill\HillJe01,RB,22,2014,2018
Jeremy Langford\LangJe00,RB,8,2015,2018
Jeremy McNichols\McNiJe00,RB,0,2017,2019
Jerick McKinnon\McKiJe00,RB,22,2014,2017
Jerious Norwood\NorwJe00,RB,21,2006,2011
Jermaine Fazande\FazaJe00,RB,5,1999,2000
Jermaine Williams\WillJe00,RB,0,1998,2001
Jerome Bettis+\BettJe00,RB,102,1993,2005
Jerome Felton\FeltJe00,RB,3,2008,2016
Jerome Harrison\HarrJe00,RB,14,2006,2012
Jerome Johnson\JohnJe23,RB,0,2010,2010
Jerome Smith\SmitJe02,RB,0,2014,2014
Jerone Davison\DaviJe26,RB,0,1996,1997
Jerris McPhail\McPhJe00,RB,7,1996,1998
Jerry Aldridge\AldrJe20,RB,0,1980,1980
Jerry Butler\ButlJe21,RB,0,1987,1987
Jerry Eckwood\EckwJe00,RB,19,1979,1981
Jerry Ellison\ElliJe00,RB,4,1995,1999
Jerry Hill\HillJe00,RB,39,1961,1970
Jerry Latin\LatiJe00,RB,6,1975,1978
Jerry Mays\MaysJe20,RB,0,1990,1990
Jesse Chatman\ChatJe00,RB,10,2002,2008
Jesse Myles\MyleJe20,RB,1,1983,1984
Jesse Taylor\TaylJe00,RB,0,1972,1972
Jessie Clark\ClarJe00,RB,19,1983,1990
Jewel Hampton\HampJe00,RB,0,2012,2012
Jewerl Thomas\ThomJe01,RB,7,1980,1984
Jim Allison\AlliJi00,RB,6,1965,1968
Jim Bertelsen\BertJi00,RB,39,1972,1976
Jim Braxton\BraxJi00,RB,41,1971,1978
Jim Browne\BrowJi20,RB,0,1987,1987
Jim Brumfield\BrumJi20,RB,0,1971,1971
Jim Culbreath\CulbJi00,RB,1,1977,1980
Jim Earley\EarlJi20,RB,0,1978,1978
Jim Grabowski\GrabJi00,RB,21,1966,1971
Jim Harrison\HarrJi00,RB,11,1971,1974
Jim Hooks\HookJi00,RB,3,1973,1976
Jim Jodat\JodaJi00,RB,8,1977,1983
Jim Kiick\KiicJi00,RB,70,1968,1977
Jim Kitts\KittJi00,RB,0,1997,1998
Jim Lindsey\LindJi00,RB,13,1966,1972
Jim Mankins\MankJi00,RB,0,1967,1967
Jim Nance\NancJi00,RB,53,1965,1973
Jim Otis\OtisJi00,RB,42,1970,1978
Jim Strong\StroJi00,RB,7,1970,1972
Jim Van Wagner\VanWJa00,RB,0,1978,1978
Jim Walsh\WalsJi20,RB,0,1980,1980
Jim Williams\WillJi20,RB,0,1987,1987
Jimmie Jones\JoneJi00,RB,2,1974,1974
Jimmy DuBose\DuboJi00,RB,6,1976,1978
Jimmy Edwards\EdwaJi20,RB,0,1979,1979
Jimmy Hargrove\HargJi21,RB,1,1981,1987
Jimmy Jordan\JordJi20,RB,0,1967,1967
Jimmy Rogers\RogeJi00,RB,7,1980,1984
Jimmy Sidle\SidlJi00,RB,0,1966,1966
Jimmy Smith\SmitJi23,RB,0,1984,1987
Joe Aska\AskaJo00,RB,3,1995,1997
Joe Auer\AuerJo00,RB,12,1964,1968
Joe Banyard\BanyJo00,RB,1,2012,2017
Joe Burke\BurkJo20,RB,0,1987,1987
Joe Burns\BurnJo00,RB,2,2002,2005
Joe Carter\CartJo00,RB,6,1984,1986
Joe Chetti\ChetJo20,RB,0,1987,1987
Joe Cribbs\CribJo00,RB,60,1980,1988
Joe Dawkins\DawkJo00,RB,38,1970,1976
Joe Delaney\DelaJo00,RB,17,1981,1982
Joe Dudek\DudeJo20,RB,2,1987,1987
Joe McCall\McCaJo20,RB,0,1984,1984
Joe McIntosh\McInJo20,RB,0,1987,1987
Joe McKnight\McKnJo00,RB,7,2010,2014
Joe Mickles\MickJo21,RB,0,1989,1990
Joe Mixon\MixoJo00,RB,25,2017,2019
Joe Montgomery\MontJo00,RB,2,1999,2002
Joe Moore\MoorJo00,RB,3,1971,1973
Joe Morris\MorrJo00,RB,50,1982,1991
Joe Orduna\OrduJo00,RB,2,1972,1974
Joe Profit\ProfJo00,RB,5,1971,1973
Joe Washington\WashJo00,RB,67,1977,1985
Joe Washington\WashJo01,RB,0,1973,1973
Joe Williams\WillJo01,RB,2,1971,1972
Joe Wilson\WilsJo00,RB,1,1973,1974
Joey Harris\HarrJo01,RB,0,2004,2004
Joffrey Reynolds\ReynJo20,RB,0,2003,2003
John Avery\AverJo00,RB,4,1998,2003
John Brockington\BrocJo00,RB,60,1971,1977
John Cappelletti\CappJo00,RB,38,1974,1983
John Chirico\ChirJo20,RB,0,1987,1987
John Clay\ClayJo00,RB,0,2011,2011
John Conner\ConnJo00,RB,0,2010,2014
John Crockett\CrocJo00,RB,0,2015,2015
John Farley\FarlJo20,RB,0,1984,1984
John Fuqua\FuquJo00,RB,42,1969,1976
John Griffin\GrifJo00,RB,0,2012,2012
John Harvey\HarvJo00,RB,1,1990,1990
John Holifield\HoliJo20,RB,0,1989,1989
John Ivlow\IvloJo20,RB,0,1993,1993
John Kamana\KamaJo20,RB,0,1984,1987
John Kelly\KellJo00,RB,1,2018,2019
John Riggins+\RiggJo00,RB,121,1971,1985
John Settle\SettJo00,RB,18,1987,1990
John Simon\SimoJo00,RB,2,2002,2003
John Skibinski\SkibJo21,RB,1,1978,1981
John Stephens\StepJo00,RB,25,1988,1993
John Sterling\SterJo20,RB,0,1987,1987
John Tagliaferri\TaglJo20,RB,2,1987,1987
John Tarver\TarvJo00,RB,7,1972,1975
John Tuggle\TuggJo20,RB,1,1983,1983
John Williams\WillJo27,RB,0,1985,1987
Johnathan Franklin\FranJo01,RB,1,2013,2013
Johnnie Wright\WrigJo21,RB,0,1982,1982
Johnny Bailey\BailJo00,RB,19,1990,1995
Johnny Davis\DaviJo01,RB,8,1978,1987
Johnny Hector\HectJo00,RB,46,1983,1992
Johnny Johnson\JohnJo00,RB,40,1990,1994
Johnny Musso\MussJo00,RB,3,1975,1977
Johnny Roland\RolaJo00,RB,46,1966,1973
Johnny Shepherd\ShepJo20,RB,0,1987,1987
Johnny White\WhitJo01,RB,0,2011,2012
Joique Bell\BellJo01,RB,26,2010,2016
Jon Francis\FranJo21,RB,1,1987,1987
Jon Hilliman\HillJo03,RB,1,2019,2019
Jon Keyworth\KeywJo00,RB,34,1974,1980
Jon Vaughn\VaugJo00,RB,10,1991,1994
Jon Williams\WillJo29,RB,0,1984,1984
Jon Witman\WitmJo00,RB,3,1996,2001
Jonas Gray\GrayJo00,RB,4,2012,2015
Jonathan Dwyer\DwyeJo00,RB,8,2010,2014
Jonathan Grimes\GrimJo01,RB,7,2012,2016
Jonathan Linton\LintJo00,RB,9,1998,2000
Jonathan Stewart\StewJo00,RB,59,2008,2018
Jonathan Wells\WellJo00,RB,10,2002,2005
Jonathan Williams\WillJo07,RB,3,2016,2019
Jordan Chunn\ChunJo00,RB,0,2019,2019
Jordan Howard\HowaJo00,RB,26,2016,2019
Jordan Scarlett\ScarJo00,RB,0,2019,2019
Jordan Todman\TodmJo00,RB,5,2011,2017
Jordan Wilkins\WilkJo01,RB,5,2018,2019
Joseph Addai\AddaJo00,RB,54,2006,2011
Joseph Randle\RandJo01,RB,7,2013,2015
Josh Adams\AdamJo03,RB,3,2018,2019
Josh Ashton\AshtJo00,RB,10,1972,1975
Josh Ferguson\FergJo02,RB,1,2016,2019
Josh Harris\HarrJo04,RB,0,2014,2014
Josh Jacobs\JacoJo01,RB,8,2019,2019
Josh Parry\ParrJo00,RB,2,2004,2006
Josh Robinson\RobiJo02,RB,0,2015,2015
Josh Scobey\ScobJo00,RB,3,2003,2007
Josh Vaughan\VaugJo01,RB,0,2010,2013
Julius Jones\JoneJu01,RB,43,2004,2010
June Henley\HenlJu00,RB,4,1998,1998
Junior Coffey\CoffJu00,RB,19,1965,1971
Junior Tautalatasi\TautJu00,RB,7,1986,1989
Justice Hill\HillJu00,RB,3,2019,2019
Justin Davis\DaviJu00,RB,0,2017,2018
Justin Forsett\ForsJu00,RB,35,2008,2016
Justin Hamilton\HamiJu20,RB,1,2006,2008
Justin Jackson\JackJu01,RB,4,2018,2019
Justin Watson\WatsJu00,RB,5,1999,2001
Juwan Thompson\ThomJu01,RB,3,2014,2016
Ka'Deem Carey\CareKa00,RB,3,2014,2016
Kahlil Bell\BellKa00,RB,5,2009,2013
Kalen Ballage\BallKa00,RB,3,2018,2019
Kantroy Barber\BarbKa20,RB,0,1999,1999
Kapri Bibbs\BibbKa00,RB,3,2014,2018
Kareem Huggins\HuggKa00,RB,0,2009,2010
Kareem Hunt\HuntKa00,RB,29,2017,2019
Karim Abdul-Jabbar\AbduKa00,RB,26,1996,2000
Karl Bernard\BernKa00,RB,2,1987,1987
Karlos Williams\WillKa01,RB,4,2015,2015
KaRon Coleman\ColeKa00,RB,2,2000,2002
Kaulana Park\ParkKa20,RB,0,1987,1987
Kay-Jay Harris\HarrKa00,RB,0,2006,2006
Keenan Reynolds\ReynKe00,RB,0,2018,2018
Keiland Williams\WillKe03,RB,5,2010,2012
Keith Elias\EliaKe00,RB,1,1994,1999
Keith Ford\FordKe00,RB,1,2018,2018
Keith Griffin\GrifKe00,RB,14,1984,1988
Keith Henderson\HendKe00,RB,12,1989,1992
Keith Jones\JoneKe00,RB,2,1989,1989
Keith Jones\JoneKe01,RB,11,1989,1992
Keith Joseph\JoseKe00,RB,0,2006,2006
Keith Toston\TostKe00,RB,2,2010,2012
Keith Woodside\WoodKe00,RB,17,1988,1991
Kelly Cook\CookKe20,RB,0,1987,1987
Kelvin Bryant\BryaKe00,RB,24,1986,1990
Ken Brown\BrowKe00,RB,16,1970,1975
Ken Callicutt\CallKe21,RB,0,1978,1982
Ken Grandberry\GranKe00,RB,5,1974,1974
Ken Jenkins\JenkKe00,RB,4,1983,1986
Ken Johnson\JohnKe21,RB,2,1979,1979
Ken Lacy\LacyKe00,RB,2,1984,1987
Ken Oxendine\OxenKe00,RB,6,1998,1999
Ken Simonton\SimoKe00,RB,0,2003,2003
Ken Starch\StarKe20,RB,0,1976,1976
Ken Talton\TaltKe20,RB,0,1980,1980
Ken Thomas\ThomKe01,RB,2,1983,1983
Ken Willard\WillKe02,RB,75,1965,1974
Ken Zachary\ZachKe20,RB,0,1987,1987
Kendall Gaskins\GaskKe00,RB,1,2014,2015
Kendall Hunter\HuntKe00,RB,11,2011,2015
Kenjon Barner\BarnKe00,RB,4,2013,2019
Kenneth Darby\DarbKe00,RB,4,2007,2010
Kenneth Davis\DaviKe00,RB,35,1986,1994
Kenneth Dixon\DixoKe00,RB,5,2016,2018
Kenneth Farrow\FarrKe02,RB,2,2016,2016
Kenny Bynum\BynuKe00,RB,4,1997,2000
Kenny Flowers\FlowKe00,RB,1,1987,1989
Kenny King\KingKe00,RB,25,1979,1985
Kenny Lewis\LewiKe21,RB,1,1980,1983
Kenny Watson\WatsKe00,RB,20,2002,2008
Kenton Keith\KeitKe00,RB,6,2007,2007
Kenyan Drake\DrakKe00,RB,23,2016,2019
Kenyon Cotton\CottKe00,RB,0,1997,1998
Kermit Johnson\JohnKe02,RB,1,1975,1976
Kerrith Whyte\WhytKe00,RB,1,2019,2019
Kerry Carter\CartKe01,RB,0,2003,2004
Kerry Goode\GoodKe00,RB,2,1988,1989
Kerry Porter\PortKe20,RB,0,1987,1990
Kerryon Johnson\JohnKe06,RB,8,2018,2019
Kerwynn Williams\WillKe05,RB,6,2013,2017
Kevan Barlow\BarlKe00,RB,39,2001,2006
Kevin Bouie\BouiKe20,RB,0,1996,1997
Kevin Dudley\DudlKe00,RB,0,2005,2006
Kevin Faulk\FaulKe00,RB,70,1999,2011
Kevin Harmon\HarmKe20,RB,0,1988,1989
Kevin Jones\JoneKe02,RB,29,2004,2008
Kevin Long\LongKe00,RB,23,1977,1981
Kevin Mack\MackKe00,RB,52,1985,1993
Kevin McDougal\McDoKe01,RB,0,2000,2001
Kevin Scott\ScotKe20,RB,0,1988,1989
Kevin Smith\SmitKe02,RB,20,2008,2012
Kevin Willhite\WillKe20,RB,2,1987,1987
Kevin Williams\WillKe23,RB,0,1993,1993
Keylon Kincade\KincKe00,RB,0,2006,2006
Keyvan Jenkins\JenkKe21,RB,1,1987,1988
Khari Blasingame\BlasKh00,RB,0,2019,2019
Khiry Robinson\RobiKh00,RB,7,2013,2016
Ki-Jana Carter\CartKi00,RB,13,1996,2004
Kiero Small\SmalKi00,RB,0,2014,2014
Kim Jones\JoneKi00,RB,0,1976,1979
Kimble Anders\AndeKi00,RB,43,1991,2000
Kirk Jones\JoneKi20,RB,0,1987,1987
Knile Davis\DaviKn00,RB,10,2013,2016
Knowshon Moreno\MoreKn00,RB,35,2009,2014
Kolby Smith\SmitKo00,RB,4,2007,2009
Kory Chapman\ChapKo00,RB,0,2005,2005
Kory Sheets\SheeKo00,RB,0,2009,2014
Kregg Lumpkin\LumpKr00,RB,3,2008,2012
Kyle Eckel\EckeKy00,RB,1,2007,2009
Kyle Johnson\JohnKy00,RB,4,2004,2007
LaBrandon Toefield\ToefLa00,RB,5,2003,2007
Lache Seastrunk\SeasLa00,RB,,2014,2014
LaDainian Tomlinson+\TomlLa00,RB,157,2001,2011
LaDarius Perkins\PerkLa00,RB,,2014,2014
Ladell Betts\BettLa00,RB,37,2002,2010
Lakei Heimuli\HeimLa20,RB,1,1987,1987
Lamar Gordon\GordLa00,RB,9,2002,2006
Lamar Miller\MillLa01,RB,47,2012,2018
Lamar Smith\SmitLa00,RB,36,1994,2003
LaMichael James\JameLa00,RB,2,2012,2015
LaMont Jordan\JordLa00,RB,35,2001,2009
Lamont Warren\WarrLa00,RB,18,1994,2002
Lance Ball\BallLa00,RB,7,2008,2012
Lance Dunbar\DunbLa00,RB,9,2012,2017
LaRod Stephens-Howling\StepLa00,RB,10,2009,2013
Larry Barnes\BarnLa00,RB,2,1977,1979
Larry Bowie\BowiLa00,RB,4,1996,1999
Larry Brinson\BrinLa00,RB,1,1977,1980
Larry Brown\BrowLa01,RB,91,1969,1976
Larry Canada\CanaLa00,RB,5,1978,1981
Larry Collins\CollLa20,RB,1,1978,1980
Larry Conjar\ConjLa00,RB,2,1967,1970
Larry Cowan\CowaLa20,RB,0,1982,1982
Larry Croom\CrooLa00,RB,1,2004,2004
Larry Crowe\CrowLa00,RB,0,1972,1975
Larry Csonka+\CsonLa00,RB,88,1968,1979
Larry Emery\EmerLa20,RB,0,1987,1987
Larry Heater\HeatLa00,RB,3,1980,1983
Larry Johnson\JohnLa00,RB,56,2003,2011
Larry Kinnebrew\KinnLa00,RB,28,1983,1990
Larry Krause\KrauLa00,RB,1,1970,1974
Larry Mason\MasoLa00,RB,4,1987,1988
Larry Moriarty\MoriLa00,RB,15,1983,1988
Larry Morris\MorrLa21,RB,0,1987,1987
Larry Ned\NedxLa00,RB,0,2003,2004
Larry Poole\PoolLa00,RB,8,1975,1978
Larry Robinson\RobiLa00,RB,0,1973,1973
Larry Schreiber\SchrLa00,RB,24,1971,1976
Larry Smith\SmitLa02,RB,35,1969,1974
Larry Stegent\StegLa00,RB,0,1971,1971
Larry Todd\ToddLa00,RB,11,1965,1970
Larry Watkins\WatkLa00,RB,19,1969,1977
Lars Tate\TateLa00,RB,8,1988,1990
LaRue Harrington\HarrLa20,RB,0,1980,1980
Latavius Murray\MurrLa00,RB,38,2014,2019
Laurence Maroney\MaroLa00,RB,27,2006,2010
Lavale Thomas\ThomLa20,RB,1,1987,1988
Laverne Smith\SmitLa01,RB,1,1977,1977
Lavon Coleman\ColeLa02,RB,0,2018,2018
Lawrence Gaines\GainLa00,RB,9,1976,1979
Lawrence McCutcheon\McCuLa00,RB,85,1972,1981
Lawrence Phillips\PhilLa00,RB,11,1996,1999
Lawrence Ricks\RickLa20,RB,0,1983,1984
Le'Ron McClain\McClLe00,RB,13,2007,2013
Le'Shai Maston\MastLe00,RB,3,1993,1998
Le'Veon Bell\BellLe00,RB,65,2013,2019
Lee Bouggess\BougLe00,RB,12,1970,1973
Lee Rouson\RousLe00,RB,8,1985,1991
Lee Suggs\SuggLe00,RB,8,2003,2006
Lee Weigel\WeigLe20,RB,0,1987,1987
Lee White\WhitLe00,RB,5,1968,1972
Leeland McElroy\McElLe00,RB,5,1996,1997
LeGarrette Blount\BlouLe00,RB,46,2010,2018
LenDale White\WhitLe01,RB,15,2006,2009
Lennox Gordon\GordLe00,RB,0,1999,2000
Lenvil Elliott\ElliLe00,RB,32,1973,1981
Leo Hayden\HaydLe00,RB,0,1971,1973
Leon Bright\BrigLe00,RB,4,1981,1985
Leon Burns\BurnLe00,RB,3,1971,1972
Leon Crosswhite\CrosLe00,RB,1,1973,1974
Leon Johnson\JohnLe00,RB,12,1997,2003
Leon McQuay\McQuLe00,RB,4,1974,1976
Leon Neal\NealLe20,RB,0,1997,1997
Leon Perry\PerrLe00,RB,5,1980,1982
Leon Washington\WashLe00,RB,34,2006,2014
Leonard Fournette\FourLe00,RB,21,2017,2019
Leonard Henry\HenrLe20,RB,1,2004,2004
Leonard Moore\MoorLe20,RB,0,1987,1987
Leonard Russell\RussLe00,RB,28,1991,1996
Leonard Weaver\WeavLe00,RB,11,2005,2010
Leonard Williams\WillLe21,RB,0,1987,1987
Leroy Harris\HarrLe01,RB,24,1977,1982
Leroy Hoard\HoarLe00,RB,51,1990,1999
Leroy Kelly+\KellLe00,RB,102,1964,1973
Leroy Sledge\SledLe00,RB,1,1971,1971
Leroy Thompson\ThomLe00,RB,19,1991,1996
Les Goodman\GoodLe00,RB,2,1973,1974
Les Josephson\JoseLe00,RB,55,1964,1974
Les Shy\ShyxLe00,RB,8,1966,1970
Les Strayhorn\StraLe00,RB,2,1973,1974
LeSean McCoy\McCoLe01,RB,104,2009,2019
LeShon Johnson\JohnLe01,RB,11,1994,1999
LeShun Daniels\DaniLe00,RB,0,2017,2017
Lewis Jolley\JollLe00,RB,1,1972,1973
Lewis Tillman\TillLe00,RB,18,1989,1995
Lex Hilliard\HillLe00,RB,3,2009,2012
Lincoln Minor\MinoLi00,RB,0,1973,1973
Lionel Gates\GateLi00,RB,0,2007,2007
Lionel Vital\VitaLi20,RB,3,1987,1987
Lloyd Pate\PateLl00,RB,2,1970,1970
Lonnie Perrin\PerrLo00,RB,11,1976,1979
Lonyae Miller\MillLo00,RB,0,2010,2012
Lorenzo Booker\BookLo00,RB,4,2007,2011
Lorenzo Hampton\HampLo00,RB,27,1985,1989
Lorenzo Taliaferro\TaliLo00,RB,3,2014,2016
Lorenzo White\WhitLo00,RB,48,1988,1995
Louie Giammona\GiamLo00,RB,10,1976,1982
Louis Carter\CartLo00,RB,10,1975,1978
Louis Jackson\JackLo00,RB,1,1981,1981
Louis Rankin\RankLo00,RB,0,2009,2009
Lousaka Polite\PoliLo00,RB,4,2004,2012
Luke Lawton\LawtLu00,RB,0,2005,2009
Lydell Carr\CarrLy20,RB,0,1989,1989
Lydell Mitchell\MitcLy00,RB,101,1972,1980
Lynell Hamilton\HamiLy20,RB,1,2008,2009
Lynn Cain\CainLy00,RB,28,1979,1985
MacArthur Lane\LaneMa00,RB,75,1968,1978
Mack Boatner\BoatMa20,RB,0,1986,1986
Mack Brown\BrowMa02,RB,1,2016,2017
Mack Herron\HerrMa01,RB,23,1973,1975
Madre Hill\HillMa20,RB,0,1999,2002
Major Everett\EverMa00,RB,1,1983,1987
Malcolm Brown\BrowMa03,RB,6,2015,2019
Manfred Moore\MoorMa00,RB,1,1974,1977
Marc Logan\LogaMa00,RB,25,1987,1997
Marcel Shipp\ShipMa00,RB,18,2001,2007
Marcus Allen+\AlleMa00,RB,142,1982,1997
Marcus Dupree\DuprMa00,RB,1,1990,1991
Marcus Holliday\HollMa20,RB,0,1996,1996
Marcus Lattimore\LattMa00,RB,,2014,2014
Marcus Mailei\MailMa00,RB,0,2009,2009
Marcus Mason\MasoMa00,RB,1,2009,2009
Marcus Murphy\MurpMa03,RB,2,2015,2018
Marcus Thomas\ThomMa01,RB,0,2008,2008
Marcus Wilson\WilsMa20,RB,0,1991,1995
Mario Bates\BateMa00,RB,22,1994,2000
Mario Fannin\FannMa00,RB,0,2012,2012
Marion Barber\BarbMa00,RB,5,1982,1988
Marion Barber\BarbMa01,RB,45,2005,2011
Marion Butts\ButtMa00,RB,39,1989,1995
Marion Grice\GricMa00,RB,0,2014,2014
Mark Bailey\BailMa00,RB,6,1977,1978
Mark Green\GreeMa00,RB,6,1989,1992
Mark Higgs\HiggMa00,RB,23,1988,1995
Mark Ingram\IngrMa01,RB,70,2011,2019
Mark Kellar\KellMa00,RB,0,1976,1978
Mark Konecny\KoneMa20,RB,1,1987,1988
Mark van Eeghen\VanEMa00,RB,76,1974,1983
Mark Walton\WaltMa00,RB,3,2018,2019
Marlion Jackson\JackMa01,RB,0,2006,2006
Marlon Barnes\BarnMa00,RB,0,2000,2000
Marlon Mack\MackMa00,RB,19,2017,2019
Marquis Weeks\WeekMa00,RB,0,2006,2006
Marrio Grier\GrieMa00,RB,2,1996,1997
Marsh White\WhitMa00,RB,3,1975,1976
Marshall Faulk+\FaulMa00,RB,166,1994,2005
Marshawn Lynch\LyncMa00,RB,90,2007,2019
Martin Sartin\SartMa20,RB,0,1987,1987
Marv Hubbard\HubbMa00,RB,52,1969,1977
Marvin Allen\AlleMa01,RB,1,1988,1991
Marvin Lewis\LewiMa22,RB,0,1982,1982
Matt Breida\BreiMa00,RB,16,2017,2019
Matt Forte\FortMa00,RB,99,2008,2017
Matt Jones\JoneMa04,RB,10,2015,2017
Matt Lawrence\LawrMa00,RB,0,2009,2009
Matt Snell\SnelMa00,RB,50,1964,1972
Matt Suhey\SuheMa00,RB,40,1980,1989
Matthew Dayes\DayeMa00,RB,0,2017,2018
Matthew Tucker\TuckMa00,RB,0,2013,2014
Maurice Carthon\CartMa00,RB,14,1985,1992
Maurice Hicks\HickMa00,RB,8,2004,2008
Maurice Jones-Drew\DrewMa00,RB,84,2006,2014
Maurice Morris\MorrMa00,RB,35,2002,2011
Maurice Smith\SmitMa00,RB,6,2000,2002
Maurice Turner\TurnMa21,RB,0,1984,1987
Max Anderson\AndeMa00,RB,6,1968,1969
Mazio Royster\RoysMa00,RB,1,1992,1994
Mel Bratton\BratMe00,RB,4,1989,1990
Mel Carver\CarvMe00,RB,8,1982,1987
Mel Farr\FarrMe00,RB,46,1967,1973
Mel Farr\FarrMe20,RB,0,1989,1989
Melvin Gordon\GordMe00,RB,42,2015,2019
Mercury Morris\MorrMe00,RB,55,1969,1976
Merril Hoge\HogeMe00,RB,42,1987,1994
Mewelde Moore\MoorMe00,RB,33,2004,2012
Michael Basnight\BasnMi00,RB,3,1999,1999
Michael Bates\BateMi00,RB,6,1993,2003
Michael Bennett\BennMi00,RB,38,2001,2010
Michael Blair\BlaiMi00,RB,0,1998,1998
Michael Bush\BushMi00,RB,26,2008,2014
Michael Clemons\ClemMi20,RB,0,1987,1987
Michael Cox\CoxxMi00,RB,0,2013,2014
Michael Ford\FordMi00,RB,0,2013,2013
Michael Gunter\GuntMi20,RB,0,1984,1984
Michael Haddix\HaddMi00,RB,22,1983,1990
Michael Hicks\HickMi20,RB,1,1996,1997
Michael Hill\HillMi00,RB,0,2013,2014
Michael LeBlanc\LeBlMi20,RB,1,1987,1987
Michael Morton\MortMi00,RB,1,1982,1987
Michael Pittman\PittMi00,RB,60,1998,2008
Michael Smith\SmitMi01,RB,0,2012,2014
Michael Turner\TurnMi00,RB,62,2004,2012
Michael Wiley\WileMi00,RB,4,2000,2002
Michael Williams\WillMi01,RB,5,1983,1987
Mickey Fitzgerald\FitzMi20,RB,0,1981,1981
Mickey Zofko\ZofkMi00,RB,2,1971,1974
Mike Adamle\AdamMi01,RB,12,1971,1976
Mike Alstott\AlstMi00,RB,57,1996,2006
Mike Anderson\AndeMi00,RB,39,2000,2007
Mike Archie\ArchMi00,RB,0,1996,1998
Mike Augustyniak\AuguMi00,RB,11,1981,1983
Mike Bell\BellMi00,RB,12,2006,2010
Mike Boone\BoonMi00,RB,2,2018,2019
Mike Brunson\BrunMi00,RB,0,1970,1970
Mike Campbell\CampMi00,RB,0,1968,1968
Mike Cloud\ClouMi00,RB,6,1999,2005
Mike Collier\CollMi00,RB,4,1975,1979
Mike Cox\Cox_Mi20,RB,1,2008,2012
Mike Crawford\CrawMi20,RB,0,1987,1987
Mike Davis\DaviMi01,RB,10,2015,2019
Mike Dennis\DennMi00,RB,2,1968,1969
Mike Dingle\DingMi00,RB,1,1991,1991
Mike Dulaney\DulaMi00,RB,0,1995,1998
Mike Esposito\EspoMi00,RB,4,1976,1978
Mike Franckowiak\FranMi00,RB,1,1975,1978
Mike Garrett\GarrMi00,RB,77,1966,1973
Mike Gillislee\GillMi00,RB,10,2013,2018
Mike Goodson\GoodMi00,RB,7,2009,2013
Mike Green\GreeMi00,RB,2,2000,2002
Mike Guman\GumaMi00,RB,27,1980,1988
Mike Hagen\HageMi20,RB,0,1987,1987
Mike Hart\HartMi00,RB,3,2008,2010
Mike Hogan\HogaMi00,RB,19,1976,1980
Mike Hull\HullMi00,RB,3,1968,1974
Mike James\JameMi00,RB,2,2013,2016
Mike Meade\MeadMi00,RB,3,1982,1985
Mike Morgan\MorgMi21,RB,0,1978,1978
Mike Oliphant\OlipMi00,RB,2,1988,1991
Mike Panepinto\PaneMi20,RB,0,1987,1987
Mike Pringle\PrinMi20,RB,0,1990,1990
Mike Pruitt\PruiMi00,RB,71,1976,1986
Mike Reed\ReedMi00,RB,0,1998,1998
Mike Richardson\RichMi00,RB,6,1969,1971
Mike Rozier\RoziMi00,RB,38,1985,1991
Mike Strachan\StraMi00,RB,17,1975,1980
Mike Thomas\ThomMi00,RB,53,1975,1980
Mike Tolbert\TolbMi00,RB,37,2008,2017
Mike Varajon\VaraMi20,RB,1,1987,1987
Mike Voight\VoigMi00,RB,0,1977,1977
Mikel Leshoure\LeshMi00,RB,5,2012,2013
Miles Sanders\SandMi01,RB,9,2019,2019
Moe Williams\WillMo00,RB,31,1996,2005
Molly McGee\McGeMo00,RB,0,1974,1974
Monroe Eley\EleyMo00,RB,3,1975,1977
Montario Hardesty\HardMo00,RB,4,2011,2012
Montee Ball\BallMo00,RB,8,2013,2014
Montell Owens\OwenMo01,RB,2,2006,2014
Morris LaGrand\LaGrMo00,RB,0,1975,1975
Moses Denson\DensMo00,RB,8,1974,1975
Mosi Tatupu\TatuMo00,RB,24,1978,1991
Mossis Madu\MaduMo00,RB,1,2011,2011
Musa Smith\SmitMu00,RB,6,2003,2007
Myles Gaskin\GaskMy00,RB,1,2019,2019
Najeh Davenport\DaveNa00,RB,20,2002,2008
Napoleon Kaufman\KaufNa00,RB,43,1995,2000
Napoleon McCallum\McCaNa00,RB,6,1986,1994
Nate Eachus\EachNa00,RB,0,2012,2012
Nate Johnson\JohnNa22,RB,0,1987,1987
Nate Rivers\RiveNa20,RB,0,1980,1980
Nate Simpson\SimpNa20,RB,3,1977,1979
Nathan Poole\PoolNa00,RB,4,1979,1987
Nathan Wonsley\WonsNa00,RB,3,1986,1986
Natrone Means\MeanNa00,RB,42,1993,2000
Naufahu Tahi\TahiNa00,RB,1,2007,2010
Neal Anderson\AndeNe00,RB,69,1986,1993
Newton Williams\WillNe20,RB,1,1982,1983
Nick Bawden\BawdNi00,RB,0,2019,2019
Nick Bell\BellNi00,RB,8,1991,1993
Nick Chubb\ChubNi00,RB,18,2018,2019
Nick Eddy\EddyNi00,RB,8,1968,1972
Nick Giaquinto\GiaqNi00,RB,10,1980,1983
Nick Goings\GoinNi00,RB,18,2001,2008
Nick Kowgios\KowgNi20,RB,0,1987,1987
Nick Maddox\MaddNi20,RB,0,2003,2003
Nicky Sualua\SualNi00,RB,0,1997,1998
Noah Herron\HerrNo00,RB,3,2005,2006
Noe Gonzalez\GonzNo20,RB,0,1974,1974
Norm Bulaich\BulaNo00,RB,59,1970,1979
Norm Granger\GranNo20,RB,0,1984,1987
Nuu Faaola\FaaoNu00,RB,0,1986,1989
Nyheim Hines\HineNy00,RB,12,2018,2019
O.J. Simpson+\SimpO.00,RB,116,1969,1979
Obafemi Ayanbadejo\AyanOb00,RB,9,1998,2006
Odell Lawson\LawsOd00,RB,2,1970,1974
Olandis Gary\GaryOl00,RB,17,1999,2003
Olaniyi Sobomehin\SoboOl00,RB,0,2008,2008
Oliver Ross\RossOl00,RB,2,1973,1976
Onterio McCalebb\McCaOn00,RB,0,2014,2014
Onterrio Smith\SmitOn00,RB,14,2003,2004
Orleans Darkwa\DarkOr00,RB,6,2014,2017
Oscar Dragon\DragOs00,RB,0,1972,1972
Oscar Gray\GrayOs20,RB,0,1996,1996
Oscar Reed\ReedOs00,RB,28,1968,1975
Oscar Smith\SmitOs20,RB,0,1986,1986
Ostell Miles\MileOs00,RB,1,1992,1993
Otis Armstrong\ArmsOt00,RB,59,1973,1980
Otis Wonsley\WonsOt00,RB,1,1981,1985
Ottis Anderson\AndeOt00,RB,98,1979,1992
Owen Gill\GillOw20,RB,4,1985,1987
Owen Marecic\MareOw00,RB,0,2011,2012
Owen Schmitt\SchmOw00,RB,1,2008,2012
P.J. Daniels\DaniP.00,RB,0,2007,2007
P.J. Pope\PopeP.20,RB,1,2006,2008
Pat Chaffey\ChafPa00,RB,3,1991,1993
Pat Franklin\FranPa21,RB,0,1986,1987
Pat McNeil\McNePa00,RB,1,1976,1977
Pat Moriarty\MoriPa20,RB,0,1979,1979
Patrick Cobbs\CobbPa00,RB,4,2006,2010
Patrick Collins\CollPa20,RB,0,1988,1988
Patrick Egu\EguxPa00,RB,0,1989,1989
Patrick Laird\LairPa00,RB,2,2019,2019
Paul Dunn\DunnPa20,RB,0,1970,1970
Paul Frazier\FrazPa00,RB,1,1989,1989
Paul Gipson\GipsPa00,RB,6,1969,1973
Paul Hofer\HofePa00,RB,26,1976,1981
Paul Ott Carruth\CarrPa00,RB,7,1986,1989
Paul Palmer\PalmPa00,RB,14,1987,1989
Paul Perkins\PerkPa00,RB,5,2016,2019
Paul Robinson\RobiPa00,RB,31,1968,1973
Paul Shields\ShiePa00,RB,0,1999,2000
Paul Smith\SmitPa00,RB,3,2000,2007
Paul White\WhitPa00,RB,0,1970,1971
Perry Harrington\HarrPe00,RB,9,1980,1985
Perry Lee Dunn\DunnPe00,RB,9,1964,1969
Perry Williams\WillPe01,RB,6,1969,1974
Pete Banaszak\BanaPe00,RB,49,1966,1978
Pete Johnson\JohnPe00,RB,59,1977,1984
Pete Larson\LarsPe00,RB,4,1967,1968
Pete Roth\RothPe20,RB,0,1987,1987
Pete Tatman\TatmPe20,RB,0,1967,1967
Pete Van Valkenberg\VanVPe00,RB,0,1973,1974
Peter Tuipulotu\TuipPe20,RB,0,1992,1992
Peyton Barber\BarbPe01,RB,13,2016,2019
Peyton Hillis\HillPe00,RB,23,2008,2014
Phil Francis\FranPh00,RB,3,1979,1980
Phil Frye\FryePh20,RB,0,1987,1987
Phillip Lindsay\LindPh00,RB,15,2018,2019
Phillip Tanner\TannPh00,RB,2,2011,2014
Pierre Thomas\ThomPi00,RB,52,2007,2015
Po James\JamePo00,RB,17,1972,1975
Pooh Bear Williams\WillPo00,RB,0,1998,1998
Preston Johnson\JohnPr00,RB,0,1968,1968
Preston Pearson\PearPr00,RB,72,1967,1980
Preston Ridlehuber\RidlPr00,RB,1,1966,1969
Priest Holmes\HolmPr00,RB,94,1997,2007
Qadree Ollison\OlliQa00,RB,0,2019,2019
Quentin Griffin\GrifQu00,RB,6,2003,2004
Quentin Walker\WalkQu20,RB,0,1984,1984
Quincy Wilson\WilsQu00,RB,0,2006,2007
Quinn Johnson\JohnQu00,RB,0,2009,2013
Quinn Porter\PortQu00,RB,0,2011,2011
Quinton Ganther\GantQu00,RB,3,2006,2010
R.C. Gamble\GambR.00,RB,4,1968,1969
R.J. Bowers\BoweRJ00,RB,1,2001,2003
Rabih Abdullah\AbduRa00,RB,3,1999,2004
Rafael Cooper\CoopRa00,RB,0,2002,2002
Raheem Mostert\MostRa00,RB,10,2015,2019
Rajion Neal\NealRa01,RB,,2014,2014
Ralph Kurek\KureRa00,RB,5,1965,1970
Ralph Nelson\NelsRa00,RB,4,1975,1976
Ralph Stockemer\StocRa20,RB,0,1987,1987
Ran Carthon\CartRa00,RB,0,2005,2006
Randall Morris\MorrRa00,RB,6,1984,1988
Randy Baldwin\BaldRa00,RB,3,1991,1996
Randy Cuthbert\CuthRa20,RB,0,1993,1994
Randy Jackson\JackRa00,RB,1,1972,1974
Randy Jordan\JordRa00,RB,11,1993,2002
Randy Kinder\KindRa20,RB,0,1997,1997
Randy Love\LoveRa00,RB,2,1979,1985
Randy McMillan\McMiRa00,RB,36,1981,1986
Randy Minniear\MinnRa00,RB,5,1967,1970
Randy Schultz\ShulRa00,RB,3,1966,1968
Rashaad Penny\PennRa00,RB,7,2018,2019
Rashaan Salaam\SalaRa00,RB,13,1995,1999
Rashaan Shehee\ShehRa00,RB,4,1998,1999
Rashad Jennings\JennRa00,RB,35,2009,2016
Rashard Mendenhall\MendRa00,RB,31,2008,2013
Rashawn Jackson\JackRa23,RB,0,2010,2010
Ray Crouse\CrouRa00,RB,2,1984,1984
Ray Graham\GrahRa00,RB,0,2013,2013
Ray Jackson\JackRa21,RB,0,2003,2003
Ray McDonald\McDoRa00,RB,3,1967,1968
Ray Nealy\NealRa00,RB,0,1997,1997
Ray Rice\RiceRa00,RB,70,2008,2013
Ray Strong\StroRa00,RB,1,1978,1982
Ray Wallace\WallRa00,RB,3,1986,1989
Ray Williams\WillRa00,RB,2,1980,1980
Ray Zellars\ZellRa00,RB,10,1995,1998
Raymont Harris\HarrRa00,RB,20,1994,2000
Reagan Maui'a\MauiRe00,RB,0,2007,2012
Reece Morrison\MorrRe00,RB,8,1968,1973
Reggie Bonnafon\BonnRe00,RB,1,2019,2019
Reggie Branch\BranRe00,RB,0,1985,1989
Reggie Brooks\BrooRe00,RB,13,1993,1996
Reggie Brown\BrowRe00,RB,2,1996,2000
Reggie Brown\BrowRe20,RB,1,1982,1987
Reggie Bush\BushRe00,RB,72,2006,2016
Reggie Cobb\CobbRe00,RB,30,1990,1996
Reggie Dupard\DupaRe00,RB,7,1986,1990
Reggie Evans\EvanRe00,RB,0,1983,1983
Reggie Harrison\HarrRe00,RB,7,1974,1977
Reggie Rivers\RiveRe00,RB,9,1991,1996
Reggie Sanderson\SandRe00,RB,0,1973,1973
Reggie White\WhitRe20,RB,0,2001,2001
Reno Mahe\MaheRe00,RB,3,2003,2007
ReShard Lee\LeexRe00,RB,2,2004,2006
Reuben Droughns\DrouRe00,RB,29,2001,2008
Rex Burkhead\BurkRe00,RB,16,2013,2019
Rich Alexis\AlexRi00,RB,0,2005,2007
Rich Diana\DianRi00,RB,1,1982,1982
Rich Ellender\ElleRi20,RB,0,1979,1979
Rich Erenberg\ErenRi00,RB,13,1984,1986
Rich Johnson\JohnRi01,RB,0,1969,1969
Rich Thomaselli\ThomRi21,RB,0,1981,1982
Richard Bell\BellRi00,RB,2,1990,1990
Richard Huntley\HuntRi00,RB,15,1996,2002
Richard Medlin\MedlRi00,RB,0,2011,2011
Richard Murphy\MurpRi00,RB,0,2012,2012
Richard Williams\WillRi21,RB,0,1983,1984
Rick Badanjek\BadaRi00,RB,1,1986,1988
Rick Bayless\BaylRi20,RB,0,1989,1989
Rick Bell\BellRi20,RB,0,1983,1983
Rick Berns\BernRi00,RB,2,1979,1983
Rick Calhoun\CalhRi20,RB,1,1987,1987
Rick Fenney\FennRi00,RB,16,1987,1991
Rick Kane\KaneRi00,RB,18,1977,1985
Rick Moser\MoseRi00,RB,1,1978,1982
Rick Parros\ParrRi00,RB,17,1981,1987
Rickey Anderson\AndeRi20,RB,0,1978,1978
Rickey Claitt\ClaiRi00,RB,2,1980,1981
Rickey Isom\IsomRi20,RB,0,1987,1987
Rickey Young\YounRi00,RB,59,1975,1983
Ricky Bell\BellRi01,RB,25,1977,1982
Ricky Blake\BlakRi00,RB,1,1991,1991
Ricky Ervins\ErviRi00,RB,25,1991,1995
Ricky Moore\MoorRi00,RB,2,1986,1988
Ricky Patton\PattRi00,RB,8,1978,1982
Ricky Porter\PortRi00,RB,2,1982,1987
Ricky Powers\PoweRi20,RB,0,1995,1995
Ricky Watters\WattRi00,RB,125,1992,2001
Ricky Whittle\WhitRi00,RB,2,1996,1996
Ricky Williams\WillRi00,RB,90,1999,2011
Ricky Williams\WillRi01,RB,3,2002,2003
Ricky Williams\WillRi22,RB,0,1985,1987
Rob Carpenter\CarpRo01,RB,44,1977,1986
Rob Lytle\LytlRo00,RB,17,1977,1983
Rob Scribner\ScriRo00,RB,5,1973,1976
Robb Riddick\RiddRo00,RB,18,1981,1988
Robert Alexander\AlexRo20,RB,0,1982,1983
Robert Burns\BurnBo00,RB,3,1974,1974
Robert Chancey\ChanRo20,RB,3,1997,2000
Robert Delpino\DelpRo00,RB,27,1988,1993
Robert DiRico\DiRiRo20,RB,1,1987,1987
Robert Douglas\DougRo00,RB,0,2007,2007
Robert Drummond\DrumRo00,RB,3,1989,1991
Robert Edwards\EdwaRo00,RB,13,1998,2002
Robert Farmer\FarmRo20,RB,0,1999,1999
Robert Green\GreeRo00,RB,13,1992,1997
Robert Hardy\HardRo22,RB,0,1991,1991
Robert Holcombe\HolcRo00,RB,16,1998,2004
Robert Holmes\HolmRo01,RB,31,1968,1975
Robert Hughes\HughRo00,RB,1,2012,2014
Robert Kelley\KellRo00,RB,6,2016,2018
Robert Lavette\LaveRo20,RB,0,1985,1987
Robert Miller\MillRo00,RB,16,1975,1980
Robert Newhouse\NewhRo00,RB,54,1972,1983
Robert Parker\ParkRo20,RB,1,1987,1987
Robert Smith\SmitRo00,RB,68,1993,2000
Robert Staten\StatRo20,RB,0,1996,1996
Robert Turbin\TurbRo00,RB,17,2012,2019
Robert Turner\TurnRo20,RB,0,1978,1978
Robert Walker\WalkRo20,RB,0,1996,1996
Robert Weathers\WeatRo00,RB,7,1982,1986
Robert Wilson\WilsRo00,RB,2,1991,1996
Roc Thomas\ThomRo05,RB,0,2018,2018
Rocky Bleier\BleiRo00,RB,52,1968,1980
Rocky Thompson\ThomRo03,RB,4,1971,1973
Rod McNeill\McNeRo00,RB,4,1974,1976
Rod Phillips\PhilRo00,RB,6,1975,1980
Rod Smart\SmarRo00,RB,1,2001,2005
Rod Smith\SmitRo06,RB,5,2015,2019
Rodney Carter\CartRo00,RB,10,1987,1989
Rodney Culver\CulvRo00,RB,5,1992,1995
Rodney Hampton\HampRo00,RB,61,1990,1997
Rodney Tate\TateRo01,RB,2,1982,1984
Rodney Thomas\ThomRo00,RB,19,1995,2001
Roger Craig\CraiRo00,RB,115,1983,1993
Roger Graham\GrahRo20,RB,0,1996,1996
Roger Lawson\LawsRo00,RB,4,1972,1973
Roger Vick\VickRo00,RB,12,1987,1990
Roland Harper\HarpRo00,RB,34,1975,1982
Roland Hooks\HookRo00,RB,18,1976,1982
Ron Davenport\DaveRo00,RB,18,1985,1989
Ron Dayne\DaynRo00,RB,25,2000,2007
Ron Groce\GrocRo00,RB,0,1976,1976
Ron Johnson\JohnRo02,RB,65,1969,1975
Ron Lamb\LambRo00,RB,2,1968,1972
Ron Lee\LeexRo00,RB,9,1976,1978
Ron McBride\McBrRo20,RB,0,1973,1973
Ron Rector\RectRo00,RB,1,1966,1967
Ron Rivers\RiveRo00,RB,8,1995,2000
Ron Sayers\SayeRo00,RB,0,1969,1969
Ron Springs\SpriRo00,RB,40,1979,1986
Ron Wolfley\WolfRo00,RB,2,1985,1995
Ronald Humphrey\HumpRo00,RB,2,1994,1995
Ronald Jones\JoneRo01,RB,7,2018,2019
Ronald Moore\MoorRo01,RB,14,1993,1998
Ronald Scott\ScotRo20,RB,2,1987,1987
Rondell Mealey\MealRo00,RB,2,2001,2002
Ronney Jenkins\JenkRo00,RB,3,2000,2003
Ronnie Blye\BlyeRo00,RB,4,1968,1969
Ronnie Brown\BrowRo05,RB,48,2005,2014
Ronnie Bull\BullRo00,RB,42,1962,1971
Ronnie Coleman\ColeRo00,RB,40,1974,1981
Ronnie Cruz\CruzRo00,RB,0,2005,2006
Ronnie Hillman\HillRo00,RB,18,2012,2016
Ronnie Wingo\WingRo00,RB,0,2013,2014
Roosevelt Leaks\LeakRo00,RB,29,1975,1983
Roosevelt Potts\PottRo00,RB,17,1993,1998
Ross Montgomery\MontRo00,RB,3,1969,1970
Roy Helu\HeluRo00,RB,14,2011,2015
Roy Hopkins\HopkRo00,RB,10,1967,1970
Roy Shivers\ShivRo00,RB,12,1966,1972
Royce Freeman\FreeRo00,RB,8,2018,2019
Rudi Johnson\JohnRu00,RB,52,2001,2008
Rudy Harris\HarrRu20,RB,1,1993,1994
Rueben Mayes\MayeRu00,RB,30,1986,1993
Rufus Crawford\CrawRu20,RB,0,1978,1978
Rupert Grant\GranRu21,RB,0,1995,1995
Russ Smith\SmitRu00,RB,10,1967,1970
Russell Davis\DaviRu00,RB,4,1980,1983
Russell Hansbrough\HansRu00,RB,0,2016,2016
Russell White\WhitRu20,RB,0,1993,1993
Ryan Benjamin\BenjRy20,RB,0,1993,1993
Ryan Christopherson\ChriRy20,RB,0,1995,1996
Ryan Grant\GranRy00,RB,38,2007,2012
Ryan Mathews\MathRy00,RB,48,2010,2016
Ryan Moats\MoatRy00,RB,7,2005,2009
Ryan Nall\NallRy00,RB,0,2019,2019
Ryan Terry\TerrRy20,RB,0,1995,1996
Ryan Torain\ToraRy00,RB,5,2008,2012
Ryan Williams\WillRy00,RB,1,2012,2014
Ryquell Armstead\ArmsRy00,RB,2,2019,2019
Sam Cunningham\CunnSa00,RB,69,1973,1982
Sam Harrell\HarrSa20,RB,0,1981,1987
Sam Scarber\ScarSa00,RB,4,1975,1976
Samaje Perine\PeriSa00,RB,5,2017,2019
Samkon Gado\GadoSa00,RB,8,2005,2009
Sammie Smith\SmitSa00,RB,15,1989,1992
Sammy Johnson\JohnSa00,RB,10,1974,1979
Sammy Morris\MorrSa00,RB,33,2000,2011
Sammy Price\PricSa00,RB,3,1966,1968
Sammy Winder\WindSa00,RB,47,1982,1990
Saquon Barkley\BarkSa00,RB,23,2018,2019
Scoop Gillespie\GillSc20,RB,0,1984,1984
Scott Caldwell\CaldSc20,RB,1,1987,1987
Scott Dierking\DierSc00,RB,33,1977,1984
Scott Greene\GreeSc00,RB,3,1996,1999
Scott Laidlaw\LaidSc00,RB,16,1975,1980
Scott Lockwood\LockSc00,RB,1,1992,1993
Scott Stauch\StauSc20,RB,0,1981,1981
Scott Williams\WillSc00,RB,1,1986,1988
Scottie Graham\GrahSc00,RB,8,1992,1997
Sean Bennett\BennSe00,RB,1,1999,2002
Secdrick McIntyre\McInSe00,RB,1,1977,1977
Sedrick Irvin\IrviSe00,RB,4,1999,2000
Sedrick Shaw\ShawSe00,RB,2,1997,1999
Selvin Young\YounSe00,RB,9,2007,2008
Senorise Perry\PerrSe00,RB,0,2014,2019
Shane Vereen\VereSh00,RB,27,2011,2017
Shaud Williams\WillSh01,RB,3,2004,2006
Shaun Alexander\AlexSh00,RB,79,2000,2008
Shaun Chapas\ChapSh00,RB,0,2011,2012
Shaun Draughn\DrauSh00,RB,7,2011,2016
Shaun Wilson\WilsSh01,RB,0,2018,2018
Shawn Bryson\BrysSh00,RB,22,2000,2006
Sheldon Canley\CanlSh20,RB,0,1992,1992
Shelley Poole\PoolSh20,RB,0,1987,1987
Sherman Smith\SmitSh00,RB,56,1976,1983
Sherman Williams\WillSh00,RB,11,1995,1999
Sherriden May\MayxSh20,RB,0,1995,1996
Shonn Greene\GreeSh00,RB,25,2009,2014
Shyrone Stith\StitSh00,RB,0,2000,2002
Sid Blanks\BlanSi00,RB,23,1964,1970
Sidney Thornton\ThorSi00,RB,15,1977,1982
Silas Redd\ReddSi00,RB,1,2014,2014
Siran Stacy\StacSi20,RB,0,1992,1992
Skip Hicks\HickSk00,RB,9,1998,2001
Sonny Campbell\CampSo00,RB,3,1970,1971
Sonny Collins\CollSo00,RB,3,1976,1976
Sonny Davis\DaviSo00,RB,2,1971,1971
Sony Michel\MichSo00,RB,12,2018,2019
Spark Clark\ClarSp20,RB,0,1987,1987
Speedy Neal\NealSp00,RB,2,1984,1984
Spencer George\GeorSp00,RB,0,1997,1999
Spencer Tillman\TillSp00,RB,1,1987,1994
Spencer Ware\WareSp00,RB,18,2013,2019
Stacey Driver\DrivSt20,RB,0,1987,1987
Stacey Mack\MackSt00,RB,14,1999,2003
Stacy Tutt\TuttSt00,RB,0,2006,2007
Stan Edwards\EdwaSt00,RB,7,1982,1987
Stan Fritts\FritSt00,RB,7,1975,1976
Stan Mitchell\MitcSt01,RB,11,1966,1970
Stan Winfrey\WinfSt00,RB,3,1975,1977
Stanford Jennings\JennSt00,RB,19,1984,1992
Stanley Havili\HaviSt00,RB,1,2012,2014
Stanley Wilson\WilsSt00,RB,12,1983,1988
Stefan Logan\LogaSt00,RB,2,2009,2012
Stepfan Taylor\TaylSt00,RB,3,2013,2016
Stephen Davis\DaviSt00,RB,66,1996,2006
Stephen Griffin\GrifSt20,RB,0,1987,1987
Stevan Ridley\RidlSt00,RB,27,2011,2018
Steve Atkins\AtkiSt00,RB,3,1979,1981
Steve Avery\AverSt00,RB,1,1989,1995
Steve Bartalo\BartSt01,RB,0,1987,1987
Steve Crosby\CrosSt00,RB,1,1974,1976
Steve Davis\DaviSt01,RB,14,1972,1976
Steve Engel\EngeSt20,RB,0,1970,1970
Steve Griffin\GrifSt21,RB,0,1987,1987
Steve Harkey\HarkSt00,RB,4,1971,1972
Steve Harris\HarrSt20,RB,0,1987,1987
Steve Jones\JoneSt00,RB,16,1973,1978
Steve Morse\MorsSt20,RB,0,1985,1985
Steve Owens\OwenSt00,RB,40,1970,1974
Steve Powell\PoweSt21,RB,0,1978,1979
Steve Rogers\RogeSt00,RB,0,1975,1976
Steve Slaton\SlatSt00,RB,20,2008,2011
Steve Smith\SmitSt00,RB,24,1987,1995
Steve Strachan\StraSt00,RB,1,1985,1989
Steve Thurlow\ThurSt00,RB,15,1964,1968
Steven Jackson\JackSt00,RB,92,2004,2015
Steven Schnarr\SchnSt20,RB,0,1975,1975
Storm Johnson\JohnSt03,RB,0,2014,2014
Stump Mitchell\MitcSt00,RB,50,1981,1989
Sultan McCullough\McCuSu00,RB,0,2003,2003
T.J. Duckett\DuckT.00,RB,23,2002,2008
T.J. Logan\LogaT.00,RB,0,2018,2019
T.J. Yeldon\YeldT.00,RB,21,2015,2019
Taiwan Jones\JoneTa00,RB,3,2011,2019
Taquan Mizzell\MizzTa00,RB,1,2017,2018
Tarik Cohen\CoheTa00,RB,21,2017,2019
Tashard Choice\ChoiTa00,RB,14,2008,2013
Tatum Bell\BellTa00,RB,23,2004,2008
Tauren Poole\PoolTa00,RB,0,2012,2014
Tavian Banks\BankTa00,RB,3,1998,1999
Ted Alflen\AlflTe20,RB,0,1969,1969
Ted Brown\BrowTe00,RB,58,1979,1986
Ted Farmer\FarmTe20,RB,0,1978,1978
Ted McKnight\McKnTe00,RB,22,1977,1982
Teddy Bailey\BailTe20,RB,0,1967,1969
Teddy Washington\WashTe00,RB,0,1968,1968
Terdell Middleton\MiddTe00,RB,21,1977,1983
Terrance Ganaway\GanaTe00,RB,0,2012,2012
Terrance West\WestTe00,RB,12,2014,2017
Terrell Davis+\DaviTe00,RB,79,1995,2001
Terrell Fletcher\FletTe00,RB,25,1995,2002
Terrell Watson\WatsTe00,RB,0,2016,2017
Terrence Flagler\FlagTe00,RB,6,1987,1991
Terrence Magee\MageTe00,RB,0,2015,2017
Terron Ward\WardTe00,RB,3,2015,2017
Terry Allen\AlleTe00,RB,72,1991,2001
Terry Butler\ButlTe20,RB,0,2005,2005
Terry Cole\ColeTe00,RB,8,1968,1971
Terry Erwin\ErwiTe00,RB,1,1968,1968
Terry Kirby\KirbTe00,RB,56,1993,2002
Terry Kunz\KunzTe00,RB,0,1976,1976
Terry Miller\MillTe00,RB,16,1978,1981
Terry Richardson\RichTe21,RB,0,1996,1996
Terry Robiskie\RobiTe00,RB,6,1977,1981
Terry Wells\WellTe00,RB,1,1974,1975
Tevin Coleman\ColeTe01,RB,33,2015,2019
Theo Riddick\RiddTh00,RB,26,2013,2018
Theotis Brown\BrowTh00,RB,27,1979,1984
Thomas Clayton\ClayTh00,RB,0,2010,2011
Thomas Jones\JoneTh00,RB,78,2000,2011
Thomas Lott\LottTh20,RB,0,1979,1979
Thomas Rawls\RawlTh00,RB,12,2015,2018
Thomas Sanders\SandTh00,RB,12,1985,1991
Thomas Smith\SmitTh20,RB,0,1973,1973
Thurman Thomas+\ThomTh00,RB,138,1988,2000
Tiki Barber\BarbTi00,RB,118,1997,2006
Tim Biakabutuka\BiakTi00,RB,27,1996,2001
Tim Castille\CastTi20,RB,1,2008,2010
Tim Hall\HallTi20,RB,1,1996,1997
Tim Harris\HarrTi20,RB,0,1983,1983
Tim Hightower\HighTi00,RB,28,2008,2016
Tim Jessie\JessTi20,RB,0,1987,1987
Tim Lester\LestTi00,RB,4,1992,1999
Tim Manoa\ManoTi00,RB,9,1987,1991
Tim Newman\NewmTi20,RB,0,1987,1987
Tim Spencer\SpenTi00,RB,15,1985,1990
Tim Tyrrell\TyrrTi20,RB,1,1984,1989
Tim Worley\WorlTi00,RB,14,1989,1994
Timmy Brown\BrowTi01,RB,76,1959,1968
Timmy Newsome\NewsTi00,RB,26,1980,1988
Timmy Smith\SmitTi00,RB,4,1987,1990
Tion Green\GreeTi00,RB,1,2017,2017
Toby Gerhart\GerhTo00,RB,17,2010,2015
Todd Gurley\GurlTo01,RB,53,2015,2019
Todd McNair\McNaTo00,RB,29,1989,1996
Todd Spencer\SpenTo00,RB,1,1984,1987
Tom Bailey\BailTo00,RB,4,1971,1974
Tom Barrington\BarrTo00,RB,6,1966,1970
Tom Brown\BrowTo00,RB,1,1987,1989
Tom Donchez\DoncTo20,RB,0,1975,1975
Tom Newton\NewtTo00,RB,9,1977,1982
Tom Rathman\RathTo00,RB,46,1986,1994
Tom Sullivan\SullTo00,RB,39,1972,1978
Tom Thompson\ThomTo00,RB,0,1974,1974
Tom Woodeshick\WoodTo01,RB,42,1963,1972
Tommie Agee\AgeeTo00,RB,6,1988,1994
Tommie Smiley\SmilTo00,RB,4,1968,1970
Tommy Mason\MasoTo00,RB,60,1961,1971
Tommy Reamon\ReamTo00,RB,4,1976,1976
Tommy Vardell\VardTo00,RB,21,1992,1999
Tony Baker\BakeTo00,RB,25,1968,1975
Tony Baker\BakeTo20,RB,0,1986,1989
Tony Benjamin\BenjTo00,RB,1,1977,1979
Tony Boddie\BoddTo20,RB,1,1986,1987
Tony Brooks-James\BrooTo01,RB,0,2019,2019
Tony Brooks\BrooTo21,RB,0,1992,1992
Tony Burse\BursTo20,RB,0,1987,1987
Tony Carter\CartTo00,RB,12,1994,2002
Tony Cherry\CherTo20,RB,1,1986,1987
Tony Collins\CollTo01,RB,55,1981,1990
Tony Davis\DaviTo00,RB,5,1976,1981
Tony Dollinger\DollTo20,RB,0,1987,1987
Tony Dorsett+\DorsTo00,RB,138,1977,1988
Tony Fiammetta\FiamTo00,RB,1,2009,2014
Tony Fisher\FishTo00,RB,17,2002,2006
Tony Galbreath\GalbTo00,RB,70,1976,1987
Tony Green\GreeTo01,RB,3,1978,1979
Tony Hollings\HollTo00,RB,2,2003,2005
Tony Hunt\HuntTo01,RB,0,2007,2008
Tony Hunter\HuntTo20,RB,0,1987,1987
Tony Jeffery\JeffTo20,RB,0,1988,1988
Tony Jordan\JordTo00,RB,2,1988,1989
Tony Lorick\LoriTo00,RB,31,1964,1969
Tony Mumford\MumfTo20,RB,0,1985,1985
Tony Nathan\NathTo00,RB,70,1979,1987
Tony Paige\PaigTo00,RB,20,1984,1992
Tony Pollard\PollTo00,RB,4,2019,2019
Tony Reed\ReedTo00,RB,35,1977,1981
Tony Smith\SmitTo00,RB,4,1992,1994
Tony Taylor\TaylTo00,RB,0,2001,2001
Tony Vinson\VinsTo00,RB,0,1997,1999
Topper Clemons\ClemTo21,RB,0,1987,1987
Toussaint Tyler\TyleTo00,RB,3,1981,1982
Tracy Johnson\JohnTr00,RB,2,1989,1996
Travaris Cadet\CadeTr00,RB,8,2012,2018
Travis Henry\HenrTr00,RB,46,2001,2007
Travis Homer\HomeTr00,RB,1,2019,2019
Travis Jervey\JervTr00,RB,4,1995,2003
Travis Minor\MinoTr00,RB,11,2001,2008
Travis Prentice\PrenTr00,RB,4,2000,2001
Travis Reece\ReecTr00,RB,0,1998,1999
Travis Stephens\StepTr01,RB,0,2002,2002
Travis Williams\WillTr00,RB,22,1967,1971
Trayveon Williams\WillTr06,RB,0,2019,2019
Tre Madden\MaddTr01,RB,1,2017,2018
Tre Mason\MasoTr00,RB,7,2014,2015
Tremayne Stephens\StepTr00,RB,2,1998,1999
Trent Richardson\RichTr00,RB,18,2012,2014
Trenton Cannon\CannTr00,RB,2,2018,2019
Trevor Cobb\CobbTr20,RB,0,1994,1994
Trey Edmunds\EdmuTr00,RB,1,2017,2019
Trey Watts\WattTr00,RB,0,2014,2015
Trey Williams\WillTr03,RB,0,2015,2015
Tristan Davis\DaviTr01,RB,0,2012,2012
Troy Davis\DaviTr00,RB,5,1997,1999
Troy Fleming\FlemTr00,RB,3,2004,2005
Troy Hambrick\HambTr00,RB,13,2000,2004
Troymaine Pope\PopeTr00,RB,0,2016,2019
Trung Canidate\CaniTr00,RB,11,2000,2003
Tucker Frederickson\FredTu00,RB,35,1965,1971
Ty Douthard\DoutTy20,RB,0,1997,1997
Ty Johnson\JohnTy02,RB,2,2019,2019
Tyler Ervin\ErviTy00,RB,0,2016,2019
Tyler Gaffney\GaffTy00,RB,,2014,2014
Tyler Varga\VargTy00,RB,0,2015,2015
Tyrell Sutton\SuttTy00,RB,2,2009,2010
Tyrone Anthony\AnthTy00,RB,4,1984,1985
Tyrone Montgomery\MontTy00,RB,3,1993,1994
Tyrone Rush\RushTy20,RB,0,1994,1994
Tyrone Wheatley\WheaTy00,RB,45,1995,2004
Tyson Thompson\ThomTy00,RB,1,2005,2007
Undra Johnson\JohnUn20,RB,0,1989,1989
Vagas Ferguson\FergVa00,RB,10,1980,1983
Vai Sikahema\SikaVa00,RB,11,1986,1993
Van Williams\WillVa00,RB,2,1983,1987
Vance Mueller\MuelVa00,RB,7,1986,1990
Vaughn Dunbar\DunbVa00,RB,7,1992,1995
Vaughn Hebron\HebrVa00,RB,12,1993,1998
Vernand Morency\MoreVe00,RB,8,2005,2007
Verron Haynes\HaynVe00,RB,8,2002,2009
Vic Nyvall\NyvaVi00,RB,0,1970,1970
Vick Ballard\BallVi00,RB,5,2012,2014
Vick King\KingVi00,RB,0,2004,2004
Vickey Ray Anderson\AndeVi20,RB,0,1980,1980
Victor Floyd\FloyVi20,RB,0,1989,1989
Victor Jones\JoneVi20,RB,1,1990,1994
Vilnis Ezerins\EzerVi00,RB,0,1968,1968
Vince Clements\ClemVi00,RB,7,1972,1973
Vince Kendrick\KendVi00,RB,1,1974,1976
Vince Thompson\ThomVi00,RB,3,1981,1983
Vince Williams\WillVi00,RB,1,1982,1983
Vince Workman\WorkVi00,RB,23,1989,1996
Vincent Alexander\AlexVi20,RB,1,1987,1987
Virgil Robinson\RobiVi00,RB,2,1971,1972
Vonta Leach\LeacVo00,RB,8,2004,2013
Wali Lundy\LundWa00,RB,5,2006,2006
Walt Easley\EaslWa00,RB,2,1981,1982
Walt Garrison\GarrWa00,RB,59,1966,1974
Walter Abercrombie\AberWa00,RB,36,1982,1988
Walter Dean\DeanWa20,RB,0,1991,1991
Walter Holman\HolmWa20,RB,0,1987,1987
Walter Landers\LandWa20,RB,1,1978,1979
Walter Payton+\PaytWa00,RB,168,1975,1987
Walter Williams\WillWa02,RB,0,2004,2005
Wandy Williams\WillWa01,RB,1,1969,1970
Ward Walsh\WalsWa00,RB,1,1971,1972
Warren Loving\LoviWa20,RB,0,1987,1987
Warren Marshall\MarsWa20,RB,0,1987,1987
Warren Williams\WillWa00,RB,10,1988,1993
Warrick Dunn\DunnWa00,RB,122,1997,2008
Wayne Gallman\GallWa00,RB,7,2017,2019
Wayne Morris\MorrWa00,RB,35,1976,1984
Wayne Mosley\MoslWa00,RB,0,1974,1974
Wayne Patrick\PatrWa00,RB,15,1968,1972
Wayne Wilson\WilsWa02,RB,32,1979,1987
Wendell Hayes\HayeWe00,RB,47,1963,1974
Wendell Smallwood\SmalWe00,RB,10,2016,2019
Wendell Tyler\TyleWe00,RB,66,1977,1986
Wes Bender\BendWe00,RB,0,1994,1997
Wes Hills\HillWe00,RB,0,2019,2019
Wes Ours\OursWe00,RB,0,2001,2001
Wilbert Haslip\HaslWi20,RB,0,1979,1979
Wilbert Montgomery\MontWi00,RB,81,1977,1985
Wilbur Jackson\JackWi01,RB,44,1974,1982
Will Ta'ufo'ou\TaufWi00,RB,0,2012,2014
Willard Harrell\HarrWi01,RB,23,1975,1984
Willard Reaves\ReavWi20,RB,0,1989,1989
William Andrews\AndrWi00,RB,75,1979,1986
William Bell\BellWi20,RB,0,1994,1996
William Green\GreeWi01,RB,15,2002,2005
William Howard\HowaWi00,RB,7,1988,1989
William Powell\PoweWi00,RB,2,2012,2014
Willie Asbury\AsbuWi00,RB,11,1966,1968
Willie Belton\BeltWi00,RB,2,1971,1974
Willie Ellison\ElliWi00,RB,40,1967,1974
Willie Joyner\JoynWi20,RB,0,1984,1984
Willie McClendon\McClWi00,RB,3,1979,1982
Willie Parker\ParkWi00,RB,47,2004,2009
Willie Rodgers\RodgWi00,RB,8,1972,1975
Willie Shelby\ShelWi00,RB,1,1976,1978
Willie Spencer\SpenWi00,RB,3,1976,1978
Willie Turral\TurrWi20,RB,0,1987,1987
Willis Crenshaw\CrenWi00,RB,28,1964,1970
Willis McGahee\McGaWi00,RB,66,2004,2013
Wilmont Perry\PerrWi00,RB,2,1998,1999
Winslow Oliver\OlivWi00,RB,6,1996,2000
Woodie Pippens\PippWo20,RB,0,1987,1987
Woodrow Dantzler\DantWo00,RB,2,2002,2003
Woody Bennett\BennWo00,RB,17,1979,1988
Woody Campbell\CampWo00,RB,18,1967,1971
Woody Green\GreeWo00,RB,17,1974,1976
Woody Thompson\ThomWo00,RB,9,1975,1977
Xavier Omon\OmonXa00,RB,0,2008,2009
Yonel Jourdain\JourYo20,RB,1,1994,1995
Zac Stacy\StacZa00,RB,11,2013,2015
Zach Bauman\BaumZa00,RB,,2014,2014
Zach Zenner\ZennZa00,RB,6,2015,2019
Zachary Dixon\DixoZa00,RB,9,1979,1984
Zurlon Tipton\TiptZu01,RB,2,2014,2015